,date,topic_-1,topic_116,topic_130,topic_157,topic_169,topic_185,topic_188,topic_203,topic_208,topic_216,topic_220,topic_226,topic_245,topic_255,topic_256,topic_264,topic_287,topic_29,topic_304,topic_306,topic_310,topic_312,topic_33,topic_38,topic_61,topic_76,topic_8,topic_82,topic_94,topic_98
0,2018-01-01,-0.11246174633029908,,,,,,,,,,,,,,,,,,,,,,-0.05759412174423536,,,,,,,
1,2018-01-02,-0.06632482991384792,-0.9607323314994574,,,,,,,,0.7965694256126881,0.012298164889216423,,0.8597103580832481,,,0.0503554567694664,,0.15205338969826698,,,,,-0.9453265275806189,0.8491527810692787,,-0.34344238725801307,-0.6202682889997959,,0.8783784694969654,
2,2018-01-03,0.015106521428142693,0.2538846433162689,,,,,,,,,0.0699175875633955,,0.8516933508217335,,,0.03362676687538624,,0.3477791976183653,,,,-0.9444353515282273,0.9040185809135437,0.631255179643631,-0.0106634721159935,0.6013798890635371,0.07846249733120203,,0.6648857978483041,
3,2018-01-04,0.013744292556365797,0.8281598426401615,,0.022313686087727547,0.2771734185516834,0.07106604054570198,,,0.09546999633312225,-0.14645948447287083,0.01624542847275734,,,,0.061669960618019104,,,-0.33906874407760124,-0.9199061375111341,,0.8897048961371183,0.009168287739157677,-0.020093816332519054,-0.08646915170053641,0.15278577711433172,0.8595305103808641,-0.4685571077637948,,-0.2727643001824617,-0.2755274176597595
4,2018-01-05,0.00581311114053701,,,,,,,,0.07638188451528549,0.763686403632164,0.010697692632675171,,0.8554640393704176,,,,,0.12787908843408027,-0.035137683153152466,,,,-0.166887276340276,-0.04340532794594765,-0.0474575012922287,-0.18314135074615479,0.06891814060509205,,-0.5646011338103563,
5,2018-01-08,0.0066216687996188085,,,,,,,,,0.6168991550803185,,,0.15627041272819042,,,,,0.3704573114713033,-0.015335135161876678,,,,0.18794511398300529,-0.26672769407741725,-0.49142208881676197,,0.5190990349277854,,-0.957820251584053,-0.7614011038094759
6,2018-01-09,0.05417621199286984,0.23583389073610306,,,,,,,0.10719291493296623,,0.12622153759002686,,-0.9589882497675717,,,,,0.13986354181542993,,,,,0.44169867783784866,0.6170542041460673,-0.46682122349739075,0.8240778259932995,0.13053203895688056,,0.3817075466116269,0.4815071156869332
7,2018-01-10,-0.02508592261145024,0.8279472328722477,-0.9184055887162685,0.5952570736408234,0.05190018564462662,0.03027287870645523,,,0.08035065233707428,,,,,,,,,0.1707122971614202,,,,,0.023584048574169476,-0.9411124329393109,-0.45526187121868134,,-0.21706518530845642,0.09308246476575732,-0.5938489533960819,
8,2018-01-11,-0.010887836523312508,,,,,,,,,0.814780630171299,-0.20559437945485115,,,,,,,-0.4117490582090492,,,,,-0.560118063663443,0.7892897622659802,0.4065384045243263,0.21335893869400024,-0.3575454291754535,0.013424783945083618,0.36293557605573107,0.4838313227519393
9,2018-01-12,-0.046511190235271435,,,,,,,,,0.7949616890400648,,-0.7576365023851395,0.838756151497364,,,,,-0.37652477420245606,,0.5773421823978424,0.8912402093410492,,0.7578255943953991,-0.03864276657501856,-0.6088700533534089,0.14043591916561127,-0.26834013211456215,,0.7600543287893137,0.533597988076508
10,2018-01-15,-0.01766777680352042,-0.9471955066546798,,,0.38010417856276035,,,,0.17057045921683311,,,,,,,,,-0.9249164406210184,0.20943992212414742,,,,0.015442180136839548,0.3938935920596123,,-0.31247397884726524,-0.3768638428300619,,0.6955691538751125,-0.6695324600053331
11,2018-01-16,-0.00549313285286338,-0.384750082778434,,,0.5141187887638807,,,,0.06263505294919014,-0.9236376695334911,0.010723600164055824,,,,-0.07902098633348942,,,0.6860091285780072,,,,,0.8123185085132718,0.21788684278726578,-0.10585329681634903,-0.8586963526904583,0.09064327459782362,0.19202666589990258,-0.9604778657667339,-0.5267813224345446
12,2018-01-17,-0.013252998311560921,-0.9540275847539306,,,0.4992982428520918,,,-0.005299866199493408,,,,-0.7967923916876316,-0.9378468152135611,,,,,0.34058758337050676,,,,,0.10258374363183975,0.6842231675982475,-0.18418057036719152,-0.13397145457565784,-0.4694517198950052,,0.2720462477041615,
13,2018-01-18,0.011189941137684388,-0.9447164554148912,-0.573150334879756,,,0.0499621257185936,,,,-0.9372011013329029,-0.3060309924185276,,0.9148835130035877,,,,,0.045436576940119267,,,,,0.7075430875023206,-0.6414829151084026,0.40768421068787575,0.8796925563365221,-0.5426081130281091,0.05606733122840524,-0.9547767853364348,-0.4670110587030649
14,2018-01-19,-0.07332317711001164,-0.9499966409057379,,,0.10579212289303541,,0.6810718402266502,,,,,0.03225971385836601,,,-0.7538739535957575,,,-0.48812590027228,-0.02520286664366722,,,,-0.19381166761741042,0.8643103130161762,0.10253569856286049,0.26168834418058395,-0.33645747490227224,,-0.03931452582279841,
15,2018-01-22,-0.009281696498111268,,-0.9433636255562305,,,0.16708337515592575,,,,0.08456188626587391,,,,-0.9531406555324793,-0.2699449434876442,,-0.009059929806325171,-0.11609062179923058,,,0.8368087336421013,-0.853156914934516,-0.016509514302015305,-0.10470097341264288,-0.9107518205419183,0.03987299674190581,-0.4283225568684025,,0.009147102944552898,-0.767092315107584
16,2018-01-23,0.011658843100933056,,,,0.8952660914510489,-0.07602092623710632,,,0.2652566656470299,,0.020086947828531265,,-0.9488273086026311,0.6646530479192734,,0.8262601969763637,-0.008361533284187317,0.07780265652885039,0.09844457171857357,,0.9032685644924641,,0.883857399225235,0.171382957448562,0.40637067053467035,0.3798744697123766,-0.4129032145899076,0.811156973708421,0.5304731389507651,
17,2018-01-24,0.035837239188301125,-0.9209919897839427,,,0.9183788895606995,,,,,-0.9134437027387321,0.001524217426776886,,,,0.38834274373948574,,,-0.5577102288370952,,,-0.9399134144186974,,0.239660099769632,0.520958736538887,0.8508860617876053,-0.36628589779138565,-0.2738797752452748,,-0.9525073291733861,-0.7798842191696167
18,2018-01-25,0.02856611619041072,,,,-0.8346966663375497,0.02973122304926316,,,0.41970352828502655,0.13987892866134644,0.013934660702943802,-0.013998739421367645,-0.12816497683525085,,,-0.3359683230519295,,0.12004297692328691,,,-0.9175493847578764,,,-0.28564772351334494,,-0.6189259280051503,-0.3142114172689617,,-0.15559079498052597,-0.7471275413408875
19,2018-01-26,-0.053708342667089765,,,,,0.37822821736335754,-0.9147864682599902,,,0.34331169724464417,,,,,,,,0.1392060626298189,,,0.8584026470780373,0.037625283002853394,-0.7694575637578964,0.19014265853911638,0.3709770292043686,0.511977307498455,0.3029676228761673,,0.8427511602640152,-0.46346849109977484
20,2018-01-29,-0.03639912191613034,0.6344527006149292,,,,-0.007746193557977676,,,,,0.4662056639790535,,-0.914738267660141,,,,,0.5889485478401184,,,,,0.5477524514620503,-0.68395878020674,-0.33089626549432677,-0.1994328855847319,-0.4805856456773149,-0.2296428680419922,-0.9577609996000925,-0.7273149555549026
21,2018-01-30,-0.037677433642290925,,,-0.27585476636886597,,0.041031330823898315,,,0.09033743292093277,-0.9209372289478779,,,-0.9418115736916661,,,,,0.18920598613719145,,,,,-0.27332481388002633,-0.36433166669060785,-0.8651120141148567,0.005848141387104988,-0.5238902568817139,0.06130870804190636,-0.5210429083866378,-0.8592816833406687
22,2018-01-31,0.035672865323948824,,,,0.5540487952530384,0.040275204181671145,-0.7026800438761711,,,,-0.6006348378335437,-0.028585631400346756,0.6609222609549761,0.031717702746391296,,,,-0.5083221908813963,,0.9134943746030331,,-0.6488859318196774,-0.05556553571174542,0.20095061510801315,0.21740945180257162,-0.32534845219925046,-0.8448752798140049,-0.1296928720548749,0.19994476321153343,-0.07081673014909029
23,2018-02-01,0.04502271671635495,0.876508607994765,-0.9285761620849371,,0.9054773123934865,-0.023904889822006226,,,0.13934158564855656,,,0.08574312571436167,0.8860680609941483,,,0.09217625111341476,,0.3383277488872409,,,,,-0.9560506138950586,-0.5662640940863639,-0.9486365476623178,-0.19863905012607574,-0.8677234475811323,0.625946406275034,-0.9546976508572698,-0.6021294072270393
24,2018-02-02,-0.044145847336170975,-0.92892836779356,,,-0.8997275531291962,0.06579568982124329,,,,-0.922508031129837,0.019783373922109604,0.2321550827473402,-0.9555588029325008,,,,,-0.913110014051199,,,,,0.39003934524953365,-0.9563461872749031,-0.9562996085733175,-0.009271748984853426,-0.7852902263402939,,-0.9560466539114714,
25,2018-02-05,-0.07488375236821729,-0.9458515793085098,,-0.9623176418244839,,0.04781418293714523,0.014276828616857529,,0.19367343187332153,-0.9083444140851498,-0.05364304780960083,,,,,,,-0.5694186206286153,0.1941833645105362,,,,-0.0811336433980614,-0.7304270487012607,-0.6696620713919401,-0.47320630261674523,-0.7398208348701397,0.6001638658344746,-0.9359427141025662,-0.6919565685093403
26,2018-02-06,0.030246366916690023,-0.9522355692461133,,,,-0.01513360720127821,,,,-0.2100326381623745,,,-0.9580507660284638,,,,,-0.16725035407580435,,,-0.9547660322859883,,-0.9515208415687084,-0.19202828283111253,-0.5404929895885289,-0.10482596792280674,0.02666543237864971,,-0.48846811684779823,-0.49455424342304466
27,2018-02-07,0.04254753963229012,,0.4025646895170212,,0.38342861738055944,0.07765838131308556,,,0.05986467065910498,-0.9196115434169769,,0.08231239952147007,-0.9629347370937467,,-0.03130202740430832,,,0.04475530539639294,,,0.7338010352104902,,-0.17474577091634275,-0.3718264459499291,-0.9183558169752359,0.6393128512427211,-0.37177751399576664,0.11320781894028187,-0.3514270617937048,-0.16385264632602534
28,2018-02-08,-0.009236560131598641,0.9020898416638374,,,0.9293582029640675,0.14656301029026508,,,-0.18568888679146767,-0.9660681895911694,,0.4285439079006513,0.851839691400528,,-0.7521821074187756,,,0.37892018367225927,,,-0.957224159501493,,-0.19497872578601042,-0.367457144583265,-0.8986231992021203,-0.07641798133651416,0.1936706118285656,,0.2933871407682697,-0.8534907279536128
29,2018-02-09,0.012620126416760625,-0.9131921045482159,,0.24924600310623646,,,,,0.28897352516651154,,-0.4196072807535529,,-0.44903015345335007,-0.9547374490648508,,,,0.37185297440737486,,,-0.9562546871602535,,-0.34746525436639786,-0.6827924594815288,-0.12910603662021458,-0.911017165829738,-0.2498928178101778,0.04852753939727942,-0.028770089770356815,-0.4987874082289636
30,2018-02-12,-0.014271234577366461,-0.6554916501045227,-0.8192053530365229,,0.3230305868200958,-0.058345600962638855,,,,0.5576501786708832,-0.46277059987187386,,,,0.004897202675541242,,-0.009491088933178357,-0.606349538701276,,,0.8406137451529503,,-0.6820048587396741,0.5555472626454301,0.8305824249982834,0.1368576819077134,-0.32077731138893534,,0.9022090127691627,
31,2018-02-13,-0.0485830871139559,-0.9184545855969191,-0.5493585169315338,,,,,-0.948293125256896,,-0.3768553600336115,-0.31527621299028397,-0.0669906698167324,,,-0.4588917574534814,,,0.005003760724018018,0.04103921167552471,,,,0.07371715141925961,-0.4298776697833091,,-0.5885001667775214,-0.4171704178055127,,-0.35297413015117246,-0.5862296167761087
32,2018-02-14,0.0111614506714046,,0.14433332970913718,,0.5611372943967581,0.0961916983127594,,,0.205336753744632,0.7637250497937202,,-0.0060198381543159485,,,-0.9360201004892588,,,0.1404135452583432,,,0.7569236606359482,,0.23928471112793143,-0.6248200411597887,0.8346377648413181,0.43258823951085407,-0.36142512573860586,-0.696157518774271,-0.8902897113002837,
33,2018-02-15,-0.019493148457019372,,-0.026998817175626754,,0.7699472764506936,0.12940452061593533,,,0.398442629724741,0.8154718428850174,,,,,-0.01138823851943016,,,-0.04949419945478439,,,,,0.46720702620223165,0.6009519621729851,-0.9067449979484081,0.7076380392536521,-0.30282136565074325,0.40708504151552916,0.6313934919113914,
34,2018-02-16,-0.06581733514724526,0.8025808520615101,-0.07555112801492214,,,-0.03283490240573883,-0.5482842996716499,,0.3884013695642352,-0.9344577360898256,0.12903488241136074,,0.9225829839706421,0.9161916710436344,,0.09296251647174358,,,,,0.8832258693873882,,-0.8877675849944353,-0.4070105869323015,0.8616641536355019,0.2866833093576133,-0.28569929995997384,0.057057542726397514,,
35,2018-02-19,-0.05266685162598091,,,,0.2628801940008998,,,,0.755113922059536,,-0.6764669194817543,,,,,,,-0.473481667926535,,,,,-0.20725137537175958,0.03253572806715965,0.9078215435147285,-0.8819587379693985,-0.2053534259709219,0.006167129923899968,-0.10917390882968903,-0.4326188087463379
36,2018-02-20,-0.017143755187970344,-0.9407319519668818,0.7824968323111534,,0.7911072033457458,-0.07157787680625916,-0.8531101159751415,0.08055545762181282,0.04282558895647526,-0.3577526987840732,,,,,,,,0.23780206323135644,0.06209033727645874,,,,-0.021726295485028198,-0.8451100194361061,-0.7456123977899551,-0.8006242932751775,-0.3600164329012235,0.37835608795285225,-0.45906854374334216,0.012249916791915894
37,2018-02-21,-0.027406366783403878,,,,0.013606714084744453,0.053894102573394775,,,0.04532481823116541,-0.9459816459566355,,,0.0208390224725008,,,0.4014735361561179,,0.12235562643036246,,,,,0.925434123724699,-0.020402424968779087,,0.4335382990539074,0.03816421329975128,,0.5139490570873022,-0.6899339351803064
38,2018-02-22,-0.055740681709721684,0.6421648673713207,,,0.06959469430148602,0.0717242918908596,,,,,,,,,-0.6443469747900963,,,0.23264961022262773,,,,0.026837041601538658,-0.19049249636009336,0.720643475651741,-0.8084329031407833,-0.21113919303752482,-0.5556715757120401,0.5832530725747347,-0.04423122713342309,-0.2794746495783329
39,2018-02-23,-0.034004810511727226,,,,,-0.001719146966934204,,,,0.3510879594832659,,,-0.8624041900038719,,,,,-0.16000267770141363,,,,,0.09476144332438707,0.8894963189959526,,-0.6478843378523985,-0.8510507841904958,0.8299708925187588,0.6133438181132078,
40,2018-02-26,0.02449783601361059,,,,0.641765333712101,0.10554241761565208,,,-0.3168133497238159,,,,-0.9511310420930386,,,,,0.1649968260899186,,0.9242513235658407,,,0.17672434076666832,0.3808206332226594,,0.45472035370767117,-0.4644965960178524,0.18767131865024567,0.8823154208560785,-0.7561436342075467
41,2018-02-27,0.029503516664446675,,,,,0.1017150307695071,0.12650969624519348,,,,,,,,-0.7826217338442802,0.6247859671711922,,0.3416765076108277,,,,,0.5181033878276745,-0.5748706443235279,-0.8804637640714645,0.10906274430453777,-0.4763430333696306,-0.2784183472394943,0.07320455890148878,-0.2970957746729255
42,2018-02-28,-0.031703391522524466,,,0.12583978474140167,,-0.04833415833612283,-0.06667854264378548,,-0.18053526245057583,-0.9380492307245731,0.07292232662439346,0.09263289906084538,,,-0.7695756480097771,,,0.08380055721276082,,0.8959755152463913,,0.030446891905739903,,-0.13974850003918013,-0.8229906558990479,-0.01892042998224497,-0.60870161652565,-0.6334313526749611,0.09701580181717873,-0.5464863236993551
43,2018-03-01,0.005096464724323618,-0.9536660308949649,-0.7358227744698524,,,0.017193034291267395,,,0.15300486981868744,-0.011853039264678955,-0.4262661077082157,0.9106200281530619,0.06973414868116379,,,,,-0.05883598498379191,,,-0.7871975004673004,0.43390906881541014,-0.17340871645137668,-0.5128927037585527,-0.2869108207523823,-0.9484970374032855,-0.3899903018027544,,-0.8341094546485692,
44,2018-03-02,-0.0841288653107873,,0.5913880132138729,,0.5271721165627241,,-0.15612773597240448,,,,,,-0.8451114110648632,0.38998111244291067,,,,-0.1600760044530034,,,,,-0.9411517856642604,-0.8359469041849176,-0.9273983159412941,-0.43585819844156504,-0.5550257824361324,-0.038448967039585114,-0.48774530711982933,-0.39395448565483093
45,2018-03-05,-0.03492857195103307,,-0.953924622386694,,0.028700554743409157,,0.36158093996345997,,,-0.7743877796456218,,0.11824683845043182,0.07294435054063797,,-0.9383402010425925,,,0.8173654200509191,,0.8266147337853909,,,0.15373167907819152,-0.09865412581712008,,,-0.6140788272023201,,0.8565246313810349,-0.0034887976944446564
46,2018-03-06,-0.004783172165297352,0.9219284541904926,,-0.012978695333003998,,-0.057915665209293365,-0.10678140725940466,,,,0.18081150949001312,,0.8825130835175514,,-0.8283211818585793,-0.945513348095119,,0.5011316928236434,,,,0.19583721086382866,0.5237676546509776,0.4362960159778595,-0.07812949875369668,0.6509335935115814,-0.2055445178411901,,0.4353216641272108,
47,2018-03-07,-0.0691690103705337,0.036791796796023846,,,,0.049297548830509186,-0.01358805038034916,,,-0.9454439142718911,,,-0.3824250977486372,,,,,-0.033307547494769094,,,0.541341096162796,,-0.2877705027349293,-0.9270189909730107,,,-0.7859831638634205,,-0.2518374595480661,0.14012170024216175
48,2018-03-08,0.017027783132082707,-0.942168703302741,0.28928202390670776,0.8146837130188942,,0.09830215821663539,,,,,,,-0.6569723039865494,,,0.8079550480470061,,0.1252116458490491,,,,,-0.7489858865737915,0.24531645141541958,-0.9430561196058989,0.14999572187662125,-0.20319194626063108,0.25792890042066574,0.5563403964042664,-0.7899561617523432
49,2018-03-09,-0.036050399047436246,0.7797326520085335,,,0.8915925025939941,,,,0.1772213615477085,-0.06325453519821167,,,,,,0.8345235949382186,,0.46180830989032984,,,,,0.7630452252924442,0.6377499774098396,-0.6757727637887001,,-0.2545312065631151,0.31042566150426865,-0.0026356889866292477,-0.7499451655894518
50,2018-03-12,-0.03860921183841716,-0.03374741040170193,,,0.3878847823167841,0.12823247723281384,,,-0.0024521127343177795,-0.9494708366692066,0.05513410456478596,-0.24968273378908634,,,,,,0.27972095366567373,,,-0.07156723737716675,,-0.043059324845671654,0.2680516702433427,0.9039957076311111,,-0.6357022253796458,,0.6166902622207999,-0.8996427617967129
51,2018-03-13,-0.0059496059274910945,,,,,0.6646761000156403,,,,-0.9192030616104603,,-0.005511388182640076,,0.7812313064932823,,,,0.25286859925836325,,,,0.7521735429763794,-0.1876094846520573,-0.44124677311629057,,-0.6234440815945467,-0.6584881335082982,,0.4306906401179731,
52,2018-03-14,-0.023160460356962762,-0.9198611956089735,,,0.1276885555125773,,,,,-0.9356305990368128,,,-0.9323938833549619,,,0.8849851451814175,,-0.18573773097402105,,,,,-0.6815630674827844,-0.946472448296845,,0.45690655584136647,-0.5783618246205151,0.07921791598200797,0.24243017216213048,-0.637728417913119
53,2018-03-15,-0.012644285060036762,-0.396774310618639,,,,,,,-0.003292541950941086,0.8231969922780991,,,-0.9595030592754483,,,,,-0.35111358668655157,,,,,-0.013059339175621668,-0.9382789074443281,-0.8963128780014813,0.877933956682682,-0.1115143671631813,0.23367973789572716,0.8637720085680485,-0.8375098705291748
54,2018-03-16,-0.018166731205920494,-0.8180339578539133,-0.8680923050269485,,0.1836847821250558,,,,,,,,,,,0.36617843993008137,,-0.09184735303279012,,,,,,0.1934524873892466,-0.9215733259916306,0.7150346711277962,-0.10308091714978218,0.2678668536245823,0.8922200873494148,-0.7554252035915852
55,2018-03-19,-0.02588416479753647,-0.9477313747629523,-0.8052450204268098,,,,,,0.0239233560860157,-0.9465904179960489,,,-0.5965372482314706,,,,-0.010746832471340895,0.1319728751920841,,-0.9322047485038638,,,-0.4188986939067642,-0.941837401750187,-0.9565278692170978,-0.9415263896808028,-0.0847730218831982,0.284685205668211,-0.9512826173255841,0.6813342897221446
56,2018-03-20,-0.005780859998225965,0.8298718482255936,-0.9273160295560956,,,,,,0.0004408210515975952,0.4944309890270233,,,-0.4103116812184453,,,0.08290283335372806,,0.18143548164516687,0.035830079577863216,,,-0.9294151924550533,-0.043244939064607024,0.1991653237491846,,0.807923324406147,-0.20524616912007332,,0.6671543288975954,
57,2018-03-21,-0.053204173839915665,-0.9267733972519636,-0.4128073309548199,,0.0046271346509456635,,,,,,,,,0.5101364776492119,,,,0.12287977943196893,,,,,-0.3957683779299259,-0.7635991473992666,-0.945606442168355,,-0.362921055406332,0.460785155184567,-0.051598957972601056,
58,2018-03-22,-0.025443704260327805,-0.8905546739697456,-0.25128817558288574,,0.000465981662273407,,-0.48796772584319115,,,-0.9477987000718713,,,,,,,,-0.924481718800962,,,,-0.04164847731590271,-0.10974376772840817,-0.814061967888847,-0.46740318136289716,-0.9468754247451822,-0.29088968804313076,0.07616665912792087,-0.4925693448167294,-0.8333188965916634
59,2018-03-23,-0.07863342401174525,-0.763429120182991,,,,,,,,,,,,,,,,-0.6323664421215653,,,,,-0.9545644279569387,-0.44102155026048423,-0.5898069022223353,-0.9456126522272825,-0.28559272323868107,0.06786364316940308,0.3583375606685877,-0.8465958666056395
60,2018-03-26,-0.022075859580178252,,-0.5013943128287792,0.013941280543804169,,,,,,,-0.16757096350193024,,0.9220272852107882,,,,,0.358643417712301,,,,,-0.2769780627762278,0.06951451922456424,-0.06087760925292969,-0.9424711714188257,-0.07278256969792503,0.45207009712855023,0.2056221954524517,-0.10917500406503677
61,2018-03-27,-0.006106791080148602,-0.9336203206330538,-0.9559700703248382,,,,,,0.16711024660617113,-0.9619406289421022,,,,,,,,0.1899555466758708,,0.925192316994071,,,0.17609533108770847,-0.07455377327278256,,0.5505357384681702,0.7158108726143837,,-0.9508076072670519,-0.40438398346304893
62,2018-03-28,-0.029481372646427466,-0.07115227123722434,-0.9389569163322449,,0.914485190063715,0.16301208486159643,,,,,0.3469963204115629,,-0.9544694274663925,,,0.11166127026081085,,-0.006792682755206313,,,0.27002766728401184,,-0.3029978383332491,-0.4492576180025935,0.8600589409470558,-0.017571814358234406,-0.3418392476936181,,-0.356927798440059,-0.06425457696119945
63,2018-03-29,-0.045254435608586094,,-0.8116275668144226,0.4307806082069874,,,,,,,,,0.7626838684082031,,,0.7203716952353716,,0.056132030906155705,,-0.9623240744695067,,,-0.8288989677093923,0.3960673063993454,-0.4061518292874098,-0.803571118041873,-0.680124734994024,-0.20521432161331177,0.8779784990474582,
64,2018-03-30,-0.06197939661797136,,-0.026766955852508545,,,,-0.8661996684968472,,0.261534138272206,,,,,,,,,0.3432847576526304,,,,,,,,,-0.40474281473351376,0.41035544872283936,,0.1893523633480072
65,2018-04-02,-0.05263845004429597,,-0.6868479326367378,,0.05355231836438179,0.2595546245574951,,,0.16304066280523935,,,0.028688615188002586,,,,,,0.1980121745062726,,,,,0.7276847772300243,-0.9141562189906836,,,0.7501357365399599,,-0.9588496284559369,-0.29060136526823044
66,2018-04-03,-0.06684672377731887,,,,0.058831418864429,,-0.0708259642124176,,,0.8032504692673683,,-0.062237135134637356,-0.26313138008117676,-0.9538383558392525,,,,0.06244229862932116,,,,,-0.2179314304764072,0.6896520294249058,0.5617294907569885,-0.9132536053657532,0.2843978530727327,,-0.6223923158831894,
67,2018-04-04,-0.06125630728433815,-0.9389510154724121,-0.7990916855633259,0.03277522698044777,,,,,0.19004711508750916,0.6718454658985138,,-0.14107117801904678,,,-0.41837671771645546,,,0.49116163700819016,-0.6450222469866276,-0.7459203377366066,,,-0.10361400805413723,0.48102332651615143,,0.5705995485186577,-0.10103802817563216,0.21222923323512077,-0.4052592683583498,-0.3504881113767624
68,2018-04-05,-0.02878221557960251,,,,,,,0.2846035724505782,,0.21359732560813427,-0.9017256535589695,-0.26222359016537666,,,,,,-0.05384707543998957,0.014713607728481293,,,,0.4674888845533133,0.18708864748477935,-0.3523052134551108,0.6271577682346106,-0.7816934377575914,-0.014363438822329044,0.8737384807318449,-0.6288195463518301
69,2018-04-06,-0.02563599032347562,,,0.01817192928865552,0.7610662765800953,,,,,,,,-0.9293715177724758,,-0.615614864975214,,-0.008413969539105892,0.6579825064788262,,,-0.9244830664247274,,-0.00905050461490949,-0.3287094289747377,-0.9291728859146436,,-0.9521180717274547,0.17474024090915918,-0.9519656514748931,0.03659600019454956
70,2018-04-09,-0.006655677477463803,,0.7381232902407646,,0.44959457963705063,,,,-0.01754981093108654,-0.6219522058963776,-0.002215130254626274,0.19912070059217513,,0.719781793653965,,-0.9225695366039872,,0.7938171848654747,,,,,0.07320161256939173,0.44347355235368013,,0.682788610458374,-0.21166958606668881,-0.042291928082704544,0.15227721631526947,-0.7990675332645575
71,2018-04-10,0.017960402466386798,0.9047929681837559,-0.6860272604972124,,0.7037363555282354,,,0.13504399918019772,,,,,-0.9493710966780782,,,,,0.2755654978358911,,,,,0.395897523034364,0.6004108125343919,0.535407155752182,0.09799165651202202,-0.3745010830461979,-0.1718432353809476,0.1489799109154514,0.23103917902335525
72,2018-04-11,-0.009880227877332245,,-0.4989071567542851,,,,,,,0.36479251831769943,,-0.05305780408283075,0.4407432060688734,,,-0.8757694195955992,,0.552054596443971,,,,,-0.3241147741675377,-0.9396087039882938,,0.02070721983909607,0.024673111736774445,0.15259776636958122,0.014257688075304031,0.19732046034187078
73,2018-04-12,0.05747929691449736,0.8822272606194019,,,,,,,,,-0.745588380843401,,,,,,,-0.21977478669335446,,,,,-0.7349379155784845,0.5822853595018387,-0.6320400089025497,0.9184763785451651,-0.872599289752543,,-0.07939983407656352,-0.6150272041559219
74,2018-04-13,-0.0555998272052215,-0.9272073865868151,,,,,,,,-0.950672266073525,-0.772763304412365,,-0.662268769616882,0.7814106158912182,,,,,,-0.962078501470387,,,-0.026051006745547056,-0.48357991548255086,0.7170705758035183,0.4033433546622594,,0.04548053350299597,0.068333866695563,-0.375163733959198
75,2018-04-16,-0.08061580842168167,,,,,-0.1578364074230194,,,,-0.3963306397199631,,,,,-0.5064413134629527,,-0.00974773126654327,0.23807701802191636,,,,,-0.24465614110231398,0.630992424984773,,-0.8338473805536827,-0.21874341030012479,0.22516920562419626,0.3176413053646684,-0.7392117604613304
76,2018-04-17,0.018624432219416145,0.762624773196876,,,,0.20656805485486984,,,,0.7094560153782368,,,,,,,,-0.2751176757737994,,,,-0.10138300806283951,0.13054216839373112,0.3133653197437525,0.8198472857475281,0.8432761523872614,-0.18041472283325025,0.1122846594080329,0.8080300698056817,
77,2018-04-18,0.07300224850347282,0.22593161463737488,,,,0.002238597720861435,,,,-0.9384450875222683,,,,0.7042648643255234,,,,-0.22717235144227743,-0.14625909086316824,0.927414558827877,0.9002563450485468,,0.5922407994512469,-0.4624729290604591,,0.5070010628551245,-0.0004413565620779991,-0.32599734142422676,0.8348334711045027,
78,2018-04-19,-0.009849824130378399,,-0.913607694208622,0.11396802216768265,,0.04013437032699585,,,,,,,,,,,,0.25943798199296,0.1200352655723691,,,,0.19880053400993347,-0.5674497298896313,-0.8863713573664427,0.8123725531622767,-0.630617679329589,0.14681356213986874,0.31293930336833,0.05880677327513695
79,2018-04-20,-0.043092880335946875,,,,0.03500583674758673,,,,0.02266775630414486,,,,,,,,,-0.9358460744842887,0.055051435716450214,,,-0.06951230764389038,-0.9347599847242236,-0.09672257583588362,0.018626006320118904,-0.2176006194204092,0.11795302014797926,,0.2721937398891896,-0.4320465289056301
80,2018-04-23,-0.03228225569378359,-0.04261640086770058,-0.6216952353715897,,-0.1586944404989481,0.03901506463686625,,,,,,,-0.955233876593411,,,,,0.23713328456506133,0.0693060839548707,,,-0.673514710739255,-0.5669208777447542,0.21461096281806627,,-0.9141202941536903,-0.36445668681214255,-0.9307193867862225,0.6754246413707733,
81,2018-04-24,0.052273234880265446,,,,,-0.08095948547124862,,,,,,,,,,,,0.2705990999626617,0.02880648896098137,,-0.9131724312901497,0.02018733322620392,0.8500776700675488,-0.1854968803624312,,-0.9544423492625356,0.29707398312166333,0.01890532299876213,-0.03229820542037487,-0.2319524586200714
82,2018-04-25,0.07350329342413105,-0.1984841525554657,,,-0.160888759419322,0.07930003572255373,,,,,,,,-0.956153248436749,,,,-0.48374187713488936,,-0.8370251073502004,-0.9101391136646271,-0.7353963628411293,0.005697380751371384,-0.5681531864684075,-0.31740563455969095,0.07120386091992259,-0.10271795187145472,,0.19951403699815273,-0.04141137438515822
83,2018-04-26,0.04329943996165081,-0.9545261589810252,-0.16839438304305077,,0.04687483515590429,0.06989043263288644,-0.004779316484928131,,,,,,0.21161913871765137,,0.28476512990891933,,,0.34580323363964754,0.06611737748607993,,0.45732904970645905,,0.3110481812618673,0.5561085224151612,,-0.7213433757424355,-0.19307266641408205,-0.18885535281151533,0.8880830192938447,0.07277464121580124
84,2018-04-27,0.0403300544832974,,0.21189661820729574,-0.14961689431220293,0.039901936426758766,-0.023852944374084473,,-0.4920285791158676,0.1794753922149539,,,,0.8390224799513817,,0.032988665625452995,-0.9465009300038218,,0.18567653372883797,-0.01726106647402048,-0.29636067152023315,0.8059810735285282,,-0.3764510010369122,-0.8706570491194725,0.8991213478147984,,-0.19526479300111532,-0.1818898841738701,-0.8758328473195434,
85,2018-04-30,-0.021709063453508377,,-0.03918320047003882,,0.03023115824908018,-0.016632263859113056,,,,0.1861493649582068,,,,,,,,0.13966906135901808,,,,,0.11761529808863998,-0.17280768603086472,0.881700899451971,,0.42230359824108227,-0.04082622937858105,-0.3522517784498632,-0.5032005204508702
86,2018-05-01,0.01789669291731602,0.8702559396624565,,,0.9241204289719462,-0.034203813411295414,,,0.22551259770989418,,-0.7817419106140733,,,0.7466513328254223,,-0.8508850876241922,,-0.7470877612940967,0.013298838399350643,,,,0.17372098565101624,-0.8856634364152948,-0.13432828367998204,,-0.36860923771746457,0.771887568756938,0.05966567061841488,
87,2018-05-02,-0.004180681677399327,0.5228932835161686,0.17582665818432966,,,0.1455126130687339,,,0.0485847070813179,-0.8856704086065292,,,,,,0.12645981926470995,,0.17435133666731417,0.08749012276530266,,,,-0.02958551235496998,-0.47077358774840833,-0.7341603152453899,0.006791539490222931,0.5518686957657337,-0.0021729636937379837,0.9029731526970863,
88,2018-05-03,-0.019386293847809,-0.8875554036349058,,,0.04912671074271202,-0.007599628220001857,,,,,,,-0.9565482810139656,,,0.11151121323928237,,-0.2929926804887752,,,,,0.4016951925586909,-0.9082571738399565,,,-0.16048384675135216,0.4651505700312555,-0.009926844388246536,0.10429886914789677
89,2018-05-04,0.00023024438000092767,,0.598004937171936,0.08142025955021381,-0.30546365678310394,-0.020674098283052444,,,,0.8000264763832092,,,-0.6578846424818039,,0.04671129770576954,0.0787315359339118,,0.6400158324589332,-0.05270887911319733,,0.8868727199733257,,-0.20250933927794298,0.16590674966573715,-0.920072570675984,,-0.732479328289628,-0.8031269311904907,,
90,2018-05-07,-0.03199243103971577,,,,,-0.0282305046916008,,,0.3770937779918313,,,,-0.6849959250539541,,,,,-0.031848258804529905,-0.00611911341547966,,,,0.11332597530313901,0.8649218683131039,-0.8776158238761127,-0.28201230615377426,-0.051404057898455195,0.25815282948315144,0.9079941622912884,
91,2018-05-08,-0.02118066005110463,,,,,-0.07804852568854888,,,,,,,,-0.05397285521030426,,,-0.010356621550662177,0.024424780160188675,,,,,-0.2791361628100276,-0.9345349029948314,,,-0.2075963239185512,0.2876736056059599,0.6441300362348557,
92,2018-05-09,0.0031017574506128597,,,,,0.015462371210257212,,,,,0.04055413976311684,,-0.5810339599847794,,-0.8576638801023364,,,0.2943797585554421,0.01690828986465931,,,,-0.2647118326276541,,0.8003323376178741,-0.07020878419280052,-0.33464466966688633,,0.8347955122590065,
93,2018-05-10,-0.04527259365748614,0.8286964483559132,,,0.6220021704211831,-0.02626907080411911,-0.21650110247234503,,,,0.13447074219584465,,0.07090386748313904,,0.832342098467052,,,0.042441894300282,,,-0.9326443616300821,,-0.3004443384706974,0.8272740272805095,0.8360226973891258,-0.90509232878685,-0.4457708239555359,-0.3978379927575588,-0.13468939314285913,0.7786538489162922
94,2018-05-11,-0.03589304309019346,,,0.9280697517096996,,,,,,0.8945089783519506,,,-0.7626897096633911,,,-0.6697720438241959,-0.005384379997849464,-0.9496497246436775,,,,,-0.09487368818372488,-0.01663168768088023,-0.8599396049976349,0.790569681674242,-0.10397416104873021,0.06047103926539421,0.6238277237862349,
95,2018-05-14,-0.019895712557391487,,0.3434048406779766,,0.07876923400908709,0.2106655165553093,,,,,,-0.5389351478467385,,,,-0.8879514634609222,,0.43404119914131506,,,,,-0.12484495411626995,0.5679631382226944,,0.00917685404419899,0.028844252228736877,0.000661691278219223,0.4909180322041114,0.5633386597037315
96,2018-05-15,-0.03941215007022644,,-0.33440242893993855,-0.8859655968844891,,-0.027956121290723484,,,,-0.7821215987205505,,,-0.7361566573381424,0.8368555344641209,,,,0.3104415936395526,,,-0.954493073746562,0.6566905518993735,-0.8544679696206003,-0.9471326018683612,-0.9091191673651338,0.010377167724072933,-0.480042902619711,,0.86368777602911,
97,2018-05-16,-0.017232230932879927,,-0.30436489591374993,,,-0.918493514880538,,,,,0.10152231715619564,,0.10057053963343303,,,,,-0.07331707584671676,0.00221811980009079,0.8886237666010857,-0.9364640507847071,,0.10315914203723271,0.7524878146747748,,-0.8294685073196888,-0.45571652178963024,,-0.3101796085635821,-0.7554957121610641
98,2018-05-17,0.0202835707514677,,-0.1450832262635231,0.8887326605618,,,,0.8775408007204533,,0.3362434357404709,,-0.9320289958268404,-0.9525583814829588,,0.02018800750374794,0.15647178329527378,,-0.41060475655831397,0.6861701300367713,,0.892849575728178,0.9295551907271147,0.7278427081182599,-0.9486778122372925,-0.9553477326408029,0.8386698924005032,0.4002392254769802,-0.1310930848121643,0.8080928782001138,
99,2018-05-18,-0.0675170276236825,-0.8732519149780273,,-0.18005608829359213,,,,,,,,,,,,-0.8104705046862364,,0.0733791827224195,0.0393870510160923,,,,,-0.9315137695521116,,0.5065337214618921,-0.05212779249995947,-0.9073847653344274,-0.19854345172643661,
100,2018-05-21,-0.049450192590244114,,,0.011494660750031471,0.06299512088298798,,,,,-0.8981216978281736,,,,,-0.4801996648311615,,,0.3094362709671259,0.0465679619461298,,0.8505151085555553,,-0.447404520586133,-0.04809344634413719,-0.36477877385914326,0.21466336958110332,-0.3573756953701377,0.06084221601486206,,
101,2018-05-22,-0.030924581910277575,0.6144488453865051,,,-0.9233812084421515,0.07212841510772705,,,,,,,-0.800056517124176,,,,,0.1304251741617918,,,0.8742084912955761,,0.14875819580629468,-0.8644727692008018,-0.07974906265735626,0.5574801973998547,-0.8842142904177308,-0.36620522290468216,0.49862882122397423,
102,2018-05-23,-0.07880656885457388,0.7684088349342346,,,0.4315552683547139,0.34933967888355255,,,,-0.8624770911410451,,,0.4682411067187786,,0.1747759310528636,,,0.3676920644938946,,,,0.04274701653048396,-0.9436456225812435,-0.9435724060361584,,,0.2047369577921927,0.15796885080635548,-0.9530844539403915,-0.5010732337832451
103,2018-05-24,-0.10253935061011682,-0.7848728075623512,0.6681641936302185,,0.08116867765784264,,,,,-0.816448088735342,0.07934056408703327,,-0.9046537838876247,,-0.03639550879597664,,,0.39885179605334997,,,,,-0.6223007068037987,-0.9456522578839213,-0.03681057691574097,-0.7463631927967072,-0.19081652676686645,0.01936917006969452,0.28462423011660576,-0.2026892676949501
104,2018-05-25,-0.10670141211203159,,,,,,,,,,,,,,,,,-0.9230006001889706,0.005165312439203262,,0.8291442394256592,,-0.8513659089803696,-0.9157016156241298,0.1319495439529419,-0.9348560767248273,-0.09996554521577698,0.06485278625041246,-0.0254342551343143,
105,2018-05-28,-0.12318399350708284,,,,,,,,,,0.03335051238536835,,,,,,-0.005031013861298561,0.8084952114149928,,,,,-0.9447756726294756,,0.44384729862213135,,0.09629257302731276,0.24020596547052264,-0.889839795883745,
106,2018-05-29,-0.13785891415712834,,0.4417579174041748,,,,,,,-0.9432673808187246,,-0.6131070223636925,,,,,,-0.3576336055994034,0.44518662989139557,,,,-0.6892173560336232,-0.9356038495898247,-0.03741970285773277,-0.8418681479524821,0.12184629961848259,,-0.11134967301040888,
107,2018-05-30,-0.08330828993796156,0.15794528927654028,0.34062010049819946,,,,,,,-0.7892445400357246,-0.6251889513805509,,,,,,,0.023472363688051702,,,0.3387596011161804,,0.9140201807022095,0.7950638271868229,,,0.3153321365825832,,0.45787063986063004,
108,2018-05-31,-0.08321892200655776,0.08339543268084526,0.3252851366996765,,,,,,,-0.9312397446483374,,,0.5855406671762466,,,,,-0.04368150886148214,,,-0.9435845902189612,,-0.2275132540879505,-0.9268440107504526,-0.9416869627311826,,0.3017335931460063,,-0.8086469969712198,
109,2018-06-01,-0.05463907706532136,,,,,,0.061629533767700195,,,0.3461264669895172,,,-0.8242659904062748,,0.47750505805015564,,,0.037221457622945306,,,,,0.874519853387028,0.7721398873254657,,0.7899655094370246,,,-0.020342875892917316,-0.19907742738723755
110,2018-06-04,-0.09578616452209725,-0.19449299573898315,,,,,,,,0.7461454023917516,,,,,,,,0.11012291554361582,0.7328105866909027,,0.8550906293094158,,0.08297225487019334,0.07894675061106682,,0.5800173059105873,-0.0992176242172718,0.524093072861433,,-0.3572399504482746
111,2018-06-05,-0.11520179287754098,-0.9142866469919682,,,,,,,,-0.31871873140335083,,,-0.9368582405149937,,,,,0.023825140049060185,,,-0.9574632626026869,,-0.9570255409926176,0.005409657955169678,0.9105643797665834,0.6034173220396042,-0.025255683809518814,0.18867796659469604,0.8753028474748135,
112,2018-06-06,-0.07478895702718474,0.8904668465256691,,,,,,,,0.5235198959708214,0.08991003409028053,,,,,,,0.09329835884273052,,,,,0.21130760599459922,0.8032189533114433,-0.8634744137525558,0.1584109514951706,-0.5086277918890119,0.14537933468818665,-0.0013367654755711555,-0.7882796432822943
113,2018-06-07,-0.08033117613684279,-0.8503441498614848,-0.70439313352108,,,,,,,-0.5586322695016861,,,-0.9415936414152384,,,,,0.015078465454280376,,,-0.9483390338718891,,-0.04670607165566513,-0.8701059073209763,-0.9067912399768829,,-0.29429617510842426,0.4510909579694271,-0.07256565739711125,
114,2018-06-08,-0.10161803477312538,-0.9487407626584172,,,,,,,,,,,-0.8603907078504562,,,-0.919308016076684,,0.022786036133766174,-0.30225709825754166,,,0.6922377049922943,-0.18471480874965587,-0.6089240610599518,,-0.889500399120152,-0.5404022354632616,,-0.4208084918558598,
115,2018-06-11,-0.08654477254286923,0.7058684639632702,,0.9143628347665071,0.8930673729628325,,,,,,,,,,-0.4042753200046718,,-0.0059015569277107716,0.030766690708696844,0.012826710939407349,,,,-0.15745909474790096,0.6633328720927238,-0.03788487985730171,-0.18131769821047783,-0.7378319147974253,0.32326221621284884,0.3211758237332106,
116,2018-06-12,-0.06645487893062334,,,,,,,,,,,,0.5998549633659422,,0.09327837452292442,-0.03915390372276306,,0.0013091412838548422,,,-0.11073753237724304,0.17724575102329254,0.7107132524251938,0.8398480899631977,0.864433559589088,-0.8728836551308632,,,-0.4511314323171973,0.050485171377658844
117,2018-06-13,-0.1235944228246808,-0.3620172590017319,0.3817304465919733,,0.10266478266566992,,,,,-0.23595069348812103,-0.15149150788784027,,-0.9111535213887691,,,0.9254855951294303,,0.0842014488298446,,,0.7726140171289444,,-0.6731189698912203,,-0.8840558603405952,,-0.3201691694557667,,,
118,2018-06-14,-0.08562794212741032,-0.8635567538440228,,,0.05093376059085131,,,,,0.4382714778184891,,-0.9606300517916679,,,,,,-0.0727874628889064,0.28188011546929675,,0.8359034955501556,,0.026576634496450424,0.019341111183166504,,-0.16461661458015442,-0.3403467475436628,,0.4611528776586056,
119,2018-06-15,-0.09776492491392447,,,,,,-0.4586140227814515,,,,,,-0.9142233803868294,,,-0.022488176822662354,,-0.4550746822108825,,0.8658500947058201,,,0.2468918147496879,-0.3826048467308283,-0.9429465183056891,-0.6947643058374524,-0.7117662895470858,0.11679288651794195,-0.33712254154185456,
120,2018-06-18,-0.12576119101039418,,,,,,,,,-0.9399982877075672,,,-0.9059142395853996,,,,,-0.45336606726050377,,,,,-0.3518820291695495,-0.9334475466360649,-0.951835285872221,-0.927971851080656,-0.48012147918343545,0.5064237522892654,0.7695433795452118,
121,2018-06-19,-0.12980404282036015,,,,0.030655797570943832,,,,,-0.8916613459587097,0.5159874260425568,,-0.9139027837663889,-0.9571071639657021,-0.6269792765378952,,,-0.13094206620007753,0.023466788232326508,,,,0.04087858134880662,-0.9513706173747778,-0.7125358333190283,,-0.3319033174775541,,-0.6002936726436019,-0.5877038364609083
122,2018-06-20,-0.11558769483325676,,,-0.45275653060525656,,,-0.6788737326860428,,,0.4466526135802269,,,0.8192031532526016,,,,0.09046909771859646,0.21909919241443276,,,,,0.494606650993228,0.7700567990541458,,,-0.37517402973026037,,0.7188778314739466,0.6021975092589855
123,2018-06-21,-0.08744677394831808,-0.9480546284466982,,,0.09148307051509619,,-0.11182000488042831,,,-0.9169423971325159,,,-0.5674886689521372,,,-0.07118864357471466,,-0.3343370191752911,,,,,-0.20292437014480433,-0.43169000123937923,,-0.7695800215005875,-0.19621884201963743,0.02908019721508026,-0.959156010299921,0.06671983376145363
124,2018-06-22,-0.11022593182803807,,,,,,,,,0.16454143822193146,,,,,,,,0.3623166913166642,,,,,-0.25742125548422334,0.5418089292943478,0.8630383685231209,-0.9070364683866501,-0.30447961133904755,-0.1271247761324048,0.8032935559749603,
125,2018-06-25,-0.1494163122572547,-0.9506671596318483,,,-0.657781183719635,,,,,,,,-0.9552127197384834,,,,,0.30017256969586015,,,,,-0.2374152026604861,-0.9381720647215843,,-0.8933365773409605,-0.07607836824340317,0.13266521831974387,,
126,2018-06-26,-0.06854532466136984,-0.7351233884692192,,,,,,,,0.6463122069835663,,,,,,,,0.5548444921150804,0.14338525012135506,,,,-0.8830258309220275,0.006698184336225192,0.6801247596740723,-0.46968743205070496,0.29001056286506355,0.0469073678056399,0.41480639576911926,0.18816040456295013
127,2018-06-27,-0.10191217668576616,-0.8493348062038422,,,,,,,,,,,0.2762560769915581,,,0.07889148592948914,,-0.4715353958308697,,,,-0.9427180979400873,-0.12235353398136795,-0.09668382536619902,-0.9538754699751735,0.7561372667551041,0.034226946067065,,0.07670529279857874,
128,2018-06-28,-0.09475037638976952,,,-0.7224010247737169,0.054295048117637634,,,,,,,,,,,0.0942168931166331,,-0.0369332293048501,-0.4728041763106982,,,,0.028756690108113818,-0.26432120278477667,-0.07126874011009932,-0.6498700529336929,0.23797978926450014,,,
129,2018-06-29,-0.0813204174456389,-0.6629363894462585,,,,,,,,,,,,,,,,-0.16980126739612647,,0.8765886202454567,,,-0.7499797865748405,-0.12060611695051193,0.4528202414512634,,-0.1193263828754425,0.16638577915728092,0.33144898898899555,
130,2018-07-02,-0.15521760010385038,-0.9434810532256961,,,,,,,,,,,-0.8003223910927773,,,,-0.006331684440374375,-0.13291298858821393,,,,,-0.8706572037190199,-0.3491854074721535,,-0.9105256414040923,-0.07910458324477077,0.0780563298612833,,-0.3449589069932699
131,2018-07-03,-0.1230541138440279,0.7401975616812706,,,,,-0.907198348082602,,,0.8930481690913439,,,-0.9566181199625134,,,0.7589890733361244,,-0.849104362539947,,,,,0.7709294471889734,,,,0.5765332877635956,,0.8976873699575663,
132,2018-07-04,-0.18998168506196114,-0.9041391983628273,,,,,,-0.9432457983493805,,,,,-0.6444462174549699,0.835946336388588,,,,,,,0.7926929146051407,,0.21991060146441063,,,-0.8147505111992359,,0.08774932008236647,0.8842826671898365,
133,2018-07-05,-0.11470696424047216,-0.3848852217197418,,,,,,,,0.07131814956665039,,,-0.9629003750160336,0.7671707049012184,,0.35476251039654016,,,,,0.8559407964348793,,0.5191933147143573,0.8033871371299028,,0.8552242610603571,0.13863364793360233,,-0.9580243956297636,
134,2018-07-06,-0.1903030032562001,0.8310368061065674,,-0.7930092848837376,,,,,,,,,0.18083298206329346,,,,,0.026388324797153473,,,,,,0.12309866491705179,-0.8354798950254917,0.11871322244405746,-0.23933875430375337,,0.1214400374641021,
135,2018-07-09,-0.0872022012444923,-0.5526686012744904,,,,,,-0.956947784870863,,,-0.39381740614771843,,,,,,,0.5833102092146873,0.004055924713611603,,,,0.11498502362519503,0.1804179089764754,-0.625922841951251,0.8353294469416142,-0.12594631156669214,-0.03624066896736622,,
136,2018-07-10,-0.05828062602129758,,,,,,,,,,,,0.8085727468132973,,,,,0.3749330334831029,0.1513598496094346,,,,-0.8473801260814071,0.8075483820090691,-0.4382577693089843,0.6519738882780075,0.02683734893798828,,,-0.9279600493609905
137,2018-07-11,-0.08453870956464922,,,,,,,,,,,,-0.9460835950449109,,,-0.9322081180289388,,0.11725866422057152,,,,,-0.8974197171628475,-0.8658777931705117,-0.9457961204461753,-0.007930692285299301,-0.6031119683757424,,0.43413221277296543,
138,2018-07-12,-0.0460323701011225,0.27704718708992004,,,,,0.7788210734724998,,,,0.8563192673027515,0.4704025201499462,-0.04072021320462227,,,-0.6355722695589066,,0.02892952614153425,,,,,0.29706642031669617,0.46331374533474445,0.7080390974879265,0.8892550505697727,-0.20029963739216328,-0.5798397893086076,-0.4536386555992067,0.23316070064902306
139,2018-07-13,-0.09543081978779464,0.9087539874017239,,,,,,,,,,,,,,,,0.07731361563007037,,,0.648501843214035,,-0.8401299118995667,-0.5897489879280329,0.12034883350133896,0.3881466131657362,,0.3534199297428131,,
140,2018-07-16,-0.08069617969627375,-0.9484699163585901,,0.7585702557116747,,,,,,,,,0.7946058958768845,-0.9531406555324793,,,,-0.17643792903982103,,,,,0.07963126190006733,-0.49138413881883025,,-0.8356236591935158,0.0033686355288539615,,,
141,2018-07-17,-0.04315002624558422,0.6050463691353798,,,0.4007218526676297,,,,,,,,-0.9395506838336587,,,,-0.006834791973233223,0.10375653983404239,0.03784354403614998,0.9216583911329508,,,0.5034020561724901,0.38402301756044227,-0.4743229951709509,-0.9420424066483974,-0.7129053547978401,,-0.9504843726754189,
142,2018-07-18,-0.05955169067515844,0.591686949133873,,,,,,,,,-0.45438674092292786,,0.14716890454292297,,,,,0.5468420030549168,,,,,0.12232753057032823,0.32735232822597027,,-0.1814111340790987,-0.7976983617991209,0.16566721349954605,0.17972152649114528,
143,2018-07-19,-0.16181931628568116,,-0.5797031074762344,,,,,,,,,,-0.4633884667418897,,,,,-0.0918187191709876,,,,,-0.3338510128669441,-0.8905491447076201,-0.9579656794667244,-0.9089165516197681,-0.26721661085528986,-0.3326866449788213,-0.8472868576645851,-0.873482458293438
144,2018-07-20,-0.15727573688557608,,,,,,,,,,,,0.9028537236154079,,-0.7181354612112045,,,0.1547908503562212,,,,,0.4376784786581993,0.27741605788469315,-0.9530836530029774,-0.9520893655717373,-0.1759737616404891,0.07487309848268826,-0.9648552741855383,
145,2018-07-23,-0.15654073462321277,,,,-0.020602736622095108,,,,,,,,,,,,,-0.5841600559651852,-0.013335060328245163,,,,0.1326137026771903,0.37212666496634483,-0.9176850840449333,-0.9469144996255636,-0.1800481258995003,-0.06057305764406919,-0.955280339345336,-0.018932867795228958
146,2018-07-24,-0.0371666611083922,0.3996279686689377,,,,,,0.8961139544844627,,,,,,,,,,0.1756114698946476,,,,,,0.6563287749886513,0.7983635365962982,0.5474544137716293,-0.1873732398574551,0.06584115326404572,,-0.9098191997036338
147,2018-07-25,-0.1211179370325328,,,,,,,0.03283843770623207,,,,,0.17539536952972412,,,,,-0.025507822632789612,,,,,-0.7654590617865324,-0.1460568867623806,-0.7171569974161685,-0.023054745513945818,-0.3737003419858714,,,
148,2018-07-26,-0.02491462016521099,,,,,-0.04382101260125637,,,,,,,-0.9529566625133157,,,,,0.013347554951906204,,0.7386227250099182,,,0.03969090059399605,0.14692705869674683,-0.9559318623505533,0.37861455356081325,-0.1579956078203395,,-0.0025330279022455215,
149,2018-07-27,-0.041076715695912355,0.8459506444633007,0.22273659240454435,,,,,,,,,0.07555086445063353,-0.17790445685386658,,,,,,,,,,0.1731688983272761,-0.9329041580980023,,0.8954481252779564,-0.5087198775261641,-0.8758504036813974,0.17546597123146057,
150,2018-07-30,-0.1185101521729335,0.1243458092212677,,,,,,,,,,,-0.9245777875185013,,,0.15674956049770117,,-0.8315062783658504,,,-0.950406170450151,,-0.10790135525166988,-0.9151942739263177,-0.9269668627530336,,-0.2670316911701645,-0.04602635162882507,-0.039211700670421124,-0.06492215394973755
151,2018-07-31,-0.03166150990781819,-0.004263624548912048,-0.23167788982391357,,,,0.048889271914958954,,,0.8113999292254448,,-0.021335085853934288,,0.6527305692434311,,0.00039040297269821167,,-0.4017917898017913,,0.8907500207424164,,,-0.32178610827152926,0.9116615112870932,-0.7433677986264229,0.8091167733073235,0.14395923788348833,-0.18921291083097458,-0.031501790042966604,
152,2018-08-01,-0.12681729636949357,-0.9211879498325288,-0.7550360262393951,0.04714047163724899,,,-0.10567351058125496,-0.9632489960640669,,,,,-0.9542918708175421,,,,,0.5612781930249184,,,,,-0.9573491923511028,-0.9230624968186021,-0.28251638635993004,-0.38810605245331925,-0.7049648035317659,,0.36721930156151456,
153,2018-08-02,-0.09984314245310008,-0.9440165041014552,,0.1370578408241272,,,-0.010808214545249939,,,-0.9111749809235334,,,-0.08722862601280212,,-0.06090989708900452,,,-0.29174661294867593,,-0.9602703917771578,-0.9266741201281548,,-0.8334206538274884,-0.07937289346009493,-0.26656661462038755,-0.9500317582860589,-0.7222426806886991,,-0.32351749390363693,-0.5312015041708946
154,2018-08-03,-0.0763260096340673,0.43945716693997383,,,,,,,,,,,-0.9069916540756822,,,,,-0.18576797097921371,,,,,0.04199951647647789,0.7210799232125282,0.5766663998365402,0.7997584603726864,0.24745648372918366,0.3936418741941452,-0.1874135509133339,
155,2018-08-06,-0.09614588729255683,,,,,,,,,,,,-0.9316997602581978,,,,,-0.18275126814842224,,,,,0.110055613434977,0.01946965092793107,0.8969743251800537,-0.5858671699340144,-0.6126500517129898,,0.7694164933636785,
156,2018-08-07,-0.04687797266936043,0.5226023495197296,,,,,,,,,,,-0.005395355634391308,,,,,-0.1508704274892807,,,0.8836318887770176,,0.19404849889022963,0.8314091376960278,0.853535994887352,0.5020828098058701,0.007475476711988449,0.1306681758724153,0.9130555428564548,
157,2018-08-08,-0.11251574299432053,0.029168982058763504,,0.059713889844715595,,,,,,0.7790177166461945,,,-0.9348794296383858,,,0.04334586812183261,-0.008895501701368226,0.01074983872887161,-0.02473871223628521,,,,-0.23024526089429856,-0.8821443140041083,-0.7954596355557442,-0.36092123078803223,-0.6129803159274161,,,-0.33585501834750175
158,2018-08-09,-0.10469495642641762,-0.9341384582221508,,,,,-0.02786894142627716,,,,,-0.9686801987700164,,,,0.1484956368803978,,0.18036827666219324,,,-0.7122851684689522,0.6752905296161771,-0.23512052651494741,0.12388209421187639,-0.3395218253135681,-0.6698987036943436,-0.4089656565338373,,0.7716548964381218,0.023844920098781586
159,2018-08-10,-0.15487336806642513,,-0.8647767193615437,,,,,,,-0.9356756825000048,,,-0.9318650681525469,,,,,,0.06964858528226614,,-0.9415992079302669,,-0.21590445693582297,-0.8950481400825083,0.04432661086320877,-0.9382828325033188,-0.18548934322057498,,,
160,2018-08-13,-0.11872176552266889,-0.9432861539535224,0.8656558245420456,,,,-0.1299385465681553,,,-0.9220007508993149,0.030677219852805138,,-0.9332358511164784,-0.9598019858822227,,,,0.030751440674066544,,,,,-0.17734032729640603,-0.6141779373089472,-0.9591863793320954,-0.951517521093289,-0.13148674460089937,,-0.7976271458901465,-0.562513941898942
161,2018-08-14,-0.1183872333151371,-0.808808168862015,0.33451348543167114,,,,,,,0.8486063852906227,,,0.6209881889323393,,,0.29339597932994366,-0.0060486383736133575,-0.4374290113337338,,,,0.048768363893032074,-0.056657095346599816,0.8692738428711891,0.4148009717464447,-0.5790402591228485,-0.2905813950653139,,0.813100840896368,
162,2018-08-15,-0.13974027028070038,-0.314261257648468,0.001424502581357956,,,,,,,-0.7803066596388817,,,0.1473340094089508,-0.9568934952840209,,,,0.07455871906131506,,0.8875421639531851,,,-0.888469109001259,-0.8839495629072189,-0.9473841190338135,-0.04063518438488245,0.0060156922042369845,,,
163,2018-08-16,-0.08974920429732543,0.27195464074611664,,,,,,,,,,,,,,,,0.5748929674071925,,,,,-0.32369642960838974,0.4802230065688491,-0.06722992565482855,,0.24895002782620765,-0.04033331573009491,-0.07001169119030237,-0.6257355595007539
164,2018-08-17,-0.17835264335033194,,,,,,,,,-0.9148500747978687,,,,,,,-0.004714328795671463,-0.9337772494181991,,,,,0.8630639463663101,0.13869112730026245,-0.9529995135962963,-0.9161238120868802,-0.5145673756487668,,-0.386381331520776,
165,2018-08-20,-0.11745742642524785,-0.6943154558539391,,,0.9223861815407872,,,,,,-0.6912857862189412,,,0.8482045494019985,,,-0.007864607498049736,-0.28008610336109996,,,,,0.26794530800543725,0.29154879739508033,,,-0.21967990406685406,0.05191923057039579,-0.8721080105751753,0.09192544221878052
166,2018-08-21,-0.11320498371669263,0.8594606630504131,,,0.7323987279087305,,,,,,,,0.8878650311380625,,,,,0.19578332407400012,,,0.4187242090702057,,-0.41671661369036883,0.7708085812628269,-0.35962449697156745,0.8731785379350185,0.003653924912214279,0.25489008612930775,0.9083368442952633,
167,2018-08-22,-0.11139064557443504,0.8826770447194576,,,,,,,,,,,,-0.9491481967270374,,,-0.006438249722123146,-0.019056397800644238,,,,,-0.14182406589388846,0.06721908412873745,,-0.1664318274706602,-0.3025855664163828,,0.6650895855079094,
168,2018-08-23,-0.057958224959717204,,,,,,,,,,,,-0.9447393119335175,-0.045426561729982495,,0.05981020629405975,,-0.5125990849919617,,0.24185306951403618,,,-0.07813897840678692,-0.761843075354894,,-0.9140070776144663,,,-0.922357302159071,0.12205950915813446
169,2018-08-24,-0.1703062068160263,0.8425334468483925,,,,,,,,0.2555423527956009,,,-0.6667233165353537,0.8604762852191925,-0.9361660350114107,,,,,,,,-0.3577280746772885,0.7711251713335514,0.8078787960112095,-0.1684654150158167,-0.3907238356769085,,0.8843115493655205,
170,2018-08-27,-0.10161070707469447,,,,,,,,,,,,,,,,-0.010626960545778275,-0.004150129854679108,,,,,0.11294359248131514,0.5357722540696462,0.46340188135703403,0.9091617539525032,-0.17430868299145783,0.0724784079939127,0.35043136061479646,
171,2018-08-28,-0.08766936428317901,0.20364739000797272,,,0.15505215106531978,,,,,0.0923723541200161,,,,0.8535625785589218,,,,-0.8085839860141277,,,,,-0.3729338875040412,0.1043104858448108,0.0838748849928379,0.7980293209354082,-0.5736978376905123,-0.6628166250884533,0.10771568285094367,-0.9191150385886431
172,2018-08-29,-0.12340634655473488,0.8145408108830452,,,,,,0.8800331614911556,,,,,-0.9458203688263893,,,,,,,,,,0.08574120824535687,0.3436701772734523,-0.7617238145321608,,-0.15724330845599374,,0.5090742676208416,
173,2018-08-30,-0.11055693420683216,-0.9403190100565553,,,,,,,,,0.050529927015304565,,-0.9178705029189587,,,,-0.0709178742642204,0.13066344195976853,,,-0.9590435959398746,0.22450128197669983,-0.6157133104279637,-0.6766284439712763,,-0.8578680977225304,-0.7269324958324432,-0.21422290708869696,0.8560939989984035,
174,2018-08-31,-0.07175880144459248,,,,,,,,,0.8867920078337193,,,-0.8759343894198537,0.5038101724348962,,,,0.02358132228255272,0.10262543894350529,,0.4826847314834595,,-0.75897611087809,-0.7929775412194431,-0.952903407625854,-0.908792290603742,-0.20968945526207486,0.04646185785531998,-0.9489715816453099,-0.0013975128531455994
175,2018-09-03,-0.10861110771477314,,,,,,,,,,,,-0.9485275661572814,,,,-0.010396030545234681,,,,,,0.6252697082236409,-0.3800418023020029,,-0.9279202613979578,-0.20585550740361214,0.026394956434766453,,-0.7919499278068542
176,2018-09-04,-0.16391107720266887,-0.9367178902029991,,,0.09406033298000693,,,-0.9118274636566639,,,,,-0.37941571697592735,,,,-0.006194388493895531,0.11206186260096729,,,,,-0.20240718219429255,-0.5887386207468808,,-0.9309508111327887,0.02734437696635723,0.005677796900272369,-0.39259932888671756,-0.6737715043127537
177,2018-09-05,-0.1016202250346834,0.17823076248168945,,,,,,,,,-0.9158565606921911,,-0.918009047396481,,,,-0.005388457328081131,0.06777699524536729,,,,,-0.2940868881996721,-0.9572545946575701,-0.8959899470210075,-0.5694190859794617,-0.07685828441753983,0.08751703053712845,-0.6524395804852248,
178,2018-09-06,-0.1159089127644187,,,,,,0.8482433445751667,,,,,-0.17141594551503658,0.08275481313467026,,,,,0.25788908917456865,,,,,-0.9349226811900735,,,-0.9337785146199167,-0.11887769158929587,-0.6918269023299217,0.3304339465685189,-0.8527394868433475
179,2018-09-07,-0.08936627751848261,-0.945999532006681,,,,,,,,,-0.9024381022900343,,0.8932589888572693,-0.9581563482061028,,,,-0.08942887080567223,,,,,-0.7513307969396313,-0.9424062306061387,-0.9444905007258058,-0.3456290199731787,-0.14399199932813644,-0.18572086095809937,-0.9124660907934109,0.5068055242300034
180,2018-09-10,-0.06644625644035199,-0.1394123211503029,,,,,,,,,-0.007987450808286667,-0.7424171678721905,-0.9015985913574696,,,,,-0.2519290894269943,,,,,-0.4266304715226094,0.011349329352378845,,-0.46376101672649384,-0.884121837404867,0.4183751968666911,0.6149674709886312,-0.9559563668444753
181,2018-09-11,-0.017501463578944956,,,,,,,,,,,,-0.9378538131713867,,,,,0.30872521735727787,-0.6214298624545336,,,,-0.08979050364966194,0.31098894821479917,-0.9572307979688048,,,0.13224544608965516,-0.32150016880283755,-0.7120200221737226
182,2018-09-12,-0.07996877259710197,,,,,,,,,,-0.18059219047427177,0.00010202452540397644,,,,,-0.007593500117460887,0.6224330463446677,0.16346019692718983,,,,-0.6317146932706237,-0.5961331378978988,0.4305833727121353,,0.4696188584590952,-0.6164990421384573,-0.9528183788061142,
183,2018-09-13,-0.1147974634896728,,,,,,,,,,0.8148167356848717,,-0.3939068950712681,0.15198835730552673,,,,0.20239443999404708,,0.16010425798594952,,,-0.4065052301933368,0.8308039037510753,,,-0.12562794145196676,,0.1369734232624372,0.7874933406710625
184,2018-09-14,-0.04960095109619246,0.8938567452132702,,,,,,,,0.7636475637555122,,,0.015520941466093063,,,,,0.3132609659805894,,-0.7077511083334684,,,-0.7152011310681701,0.5988939665257931,0.8900265879929066,0.2717995507021745,-0.4194478236937097,0.09088115394115448,0.47051190212368965,-0.8956046979874372
185,2018-09-17,-0.12658200950761464,,0.3006640374660492,,,,,,,,,,-0.925210528075695,,,,-0.005780675448477268,0.35203649615868926,,0.9205746063962579,,,-0.3337686058366671,-0.4544085692614317,,0.3742479421198368,-0.2870743587199185,-0.06908665597438812,0.534640958532691,-0.2763555310666561
186,2018-09-18,-0.08790929513489804,-0.5844119042158127,,0.1426118640229106,,,,,,,,,,,,,-0.008407212793827057,0.04793545068241656,,,,,-0.16536631129149879,0.21010687202215195,-0.9578186571598053,-0.6316985804587603,-0.47734488546848297,,,
187,2018-09-19,-0.05624151350816757,,,,0.011109121143817902,,0.28734539449214935,,,,,,0.4556063562631607,,,,,0.07226091492921113,,,,,0.8424262702465057,0.7967074923217297,-0.9511940330266953,0.14077487091223398,-0.8343872061620156,,0.549363985657692,
188,2018-09-20,-0.0831951396053477,,,-0.9016028316691518,0.08696257509291172,,,,,0.8212920688092709,,,0.45734711612264317,,,,,0.1446793538828691,,,,,-0.1563581556547433,-0.03138419706374407,0.3038281433284283,0.5584190934896469,-0.10918387828860432,0.03196370042860508,0.06888431124389172,
189,2018-09-21,-0.14843657419359224,-0.13570280373096466,,,,,-0.4078870564699173,,,0.7749830791726708,0.021879982203245163,0.011179715394973755,,,,,,-0.024219239441057045,,0.09559575468301773,,,0.8008814379572868,0.7350606638938189,,0.7110553085803986,0.0012723628897219896,-0.7891374351456761,-0.4245493436853091,
190,2018-09-24,-0.12168884906209934,,,,,,0.7445410490036011,,,-0.7633027583360672,,,,,,,,0.14206035286188126,0.6054326146841049,0.14735526964068413,,,-0.6071426374837756,-0.9494682918302715,0.24271765165030956,-0.819252559915185,-0.05057361721992493,,-0.02642014855518937,
191,2018-09-25,-0.11649241527095652,,,,,,-0.9095368906855583,,,-0.6699416525661945,,,-0.574236311018467,,,,-0.006422974169254303,,,,0.853223156183958,,-0.9449185971170664,-0.018232137896120548,-0.3178814947605133,,0.3922797478735447,,-0.3359545567072928,-0.6545927822589874
192,2018-09-26,-0.09323879706626234,-0.24998250603675842,,,,,,,,,,,,,,,,0.17592715720335642,,,,,-0.7387583670206368,-0.9564065588638186,,-0.026518821716308594,-0.2347964558750391,,0.48286611028015614,
193,2018-09-27,-0.0801146120170597,0.8912706300616264,,,,,,,,,,,,,,,,0.36813273443840444,0.04609394259750843,,,,0.014550470747053623,0.43907831609249115,-0.8729466982185841,-0.3202637980381648,0.09608577913604677,0.6908430634066463,0.24969303235411644,0.1397785097360611
194,2018-09-28,-0.19491500207364107,0.3399571180343628,,,,,,,,,,-0.8365737907588482,-0.34773655980825424,,,,,0.030563666950911283,,,-0.9563991231843829,,-0.20920114032924175,-0.575209595883886,-0.9307022793218493,0.7151435166597366,-0.24360204068943858,0.07581833377480507,-0.951124248560518,
195,2018-10-01,-0.11498028262099642,,-0.06011248752474785,,,,,,,,,,-0.8664169237017632,,,,-0.009111151099205017,-0.5596535069247087,0.04010851867496967,,,,-0.9461121065542102,0.6613726168870926,0.10404212400317192,0.6953979805111885,0.1262587821111083,0.4835105463862419,0.4702836320950435,
196,2018-10-02,-0.012681966219884409,-0.9537329878658056,,,,,,,,-0.006173122674226761,,,0.8275539996102452,,,,-0.009398551657795906,0.023033224179276397,,,-0.9555161027237773,,0.9172634202986956,0.6324179470539093,,,-0.4966285104552905,,-0.3474553779565862,
197,2018-10-03,-0.14587895723956604,-0.0343908965587616,,,,,,,,-0.2546744644641876,,,,,,0.07695180177688599,,-0.39787013502791524,,,,,0.5802792968849341,0.29936720579862597,0.48432403802871704,0.8515420183539391,-0.19076890544965863,0.1658014263957739,0.8889665082097054,-0.94389340095222
198,2018-10-04,-0.11240827468617891,,,0.03350389935076237,,,,,,-0.9291965924203396,,,-0.6666653603315353,,,,,0.3721146823372692,,,-0.9532023556530476,,-0.5192573278521498,-0.9560496900230646,,,-0.2739415064454079,0.9142590370029211,0.871811144053936,-0.37657440174371004
199,2018-10-05,-0.168993405350246,,,0.1854431889951229,,,0.05986453592777252,,,-0.6140489429235458,,,-0.8392278344059984,-0.9596327794715762,-0.8348977249115705,,,0.18191041750833392,,,,,0.25664183342208463,-0.870011739898473,-0.7083881720900536,,-0.2970720836892724,0.9015734847635031,,
200,2018-10-08,-0.13705336976098856,-0.9526431392878294,,,,,,,,,,,,,,0.20611420273780823,,-0.23585904692299664,,,-0.9483386110514402,,-0.5286647283937782,-0.6503837921191007,-0.9563734550029039,-0.15851715113967657,-0.2038647442435225,-0.030397720634937286,,
201,2018-10-09,-0.08742691018231953,,,,-0.0008544586598873138,,,,,-0.9197460263967514,-0.2959880530834198,,-0.9519848069176078,,,,-0.002964549232274294,0.19988403158883253,,,,0.04566781269386411,-0.9489431893453002,-0.12000823765993118,-0.9404914081096649,-0.1564164524897933,-0.2558734317620595,,-0.9522160887718201,-0.3838138673454523
202,2018-10-10,-0.10878719337193704,-0.8681405484676361,,,,,,,,-0.8746262169443071,,,-0.7065581306815147,,,,,0.8874914447466532,-0.020012449473142624,,,,-0.3610985266665618,-0.2636850814645489,-0.9565790086053312,-0.9331102779445549,0.008135545067489147,0.2614122498780489,-0.9514293475076556,
203,2018-10-11,-0.20420321649660103,,,-0.7929469645023346,,,,,,-0.9471850460395217,-0.5157523490488529,,0.6749666780233383,-0.9620002722367644,,,,0.40630455780774355,-0.011635273694992065,,,,-0.4685376087824504,-0.9337827637791634,0.7491877749562263,-0.931639133952558,0.02283454065521558,,-0.9138733592505256,0.02185393124818802
204,2018-10-12,-0.11939052178141338,0.26561898551881313,,,,,,,,-0.9376303255558014,,,,-0.015273123979568481,,,-0.0005250647664070129,-0.3764546498035391,0.011114192008972169,,-0.812478918582201,,-0.7322721611708403,0.6613995507359505,-0.9616314442828298,-0.44034870620816946,-0.02992370861925577,0.1913177315145731,0.6185763478279114,0.7801593001931906
205,2018-10-15,-0.11803976354403817,-0.06175203621387482,,,,,,,,,,,-0.8717003408819437,,,0.016763946041464806,,0.08871010546055105,,-0.8805661462247372,-0.7467339411377907,,-0.579023708240129,-0.599735154149433,-0.9574695890769362,-0.5834214240312576,-0.06172491389919411,0.17493799546112618,0.8675174340605736,
206,2018-10-16,-0.05702398759012922,,,,,,,,,,,,,,,-0.31870926916599274,,0.2021138264930674,0.015832923352718353,,,,-0.500864477455616,0.7740416498854756,0.8084830418229103,0.09706629090942442,-0.2181331342086196,,0.26154499500989914,
207,2018-10-17,-0.045821142107514395,,,,,0.25924108922481537,,,,-0.09145772457122803,,,0.876609068363905,,,,,0.14067933056503534,,,,,0.07238800078630447,-0.7905816115438938,-0.32715118676424026,,-0.06107492283310579,0.3366664284840226,-0.3649927154183388,
208,2018-10-18,-0.07661108244535071,,,,,,,,,-0.9569104742258787,,,-0.5635073529556394,,,,,0.6910942434333265,,,,,,,-0.959157164208591,-0.16199313662946224,-0.5367737241089344,0.7083224132657051,-0.9032235462218523,
209,2018-10-19,-0.08296511106348287,0.1060592932626605,,,,,,,,,,,0.8692816458642483,0.7563646957278252,,,,0.03704461269080639,,-0.9590783761814237,,,-0.9560376005247235,0.7210420556366444,,-0.607466216944158,-0.013047638970116774,0.06478330430885156,,
210,2018-10-22,-0.08812556570801552,-0.8087107455357909,,,,,,-0.9132086606696248,,-0.18500079214572906,-0.04430348426103592,,-0.8789288848638535,,,,,-0.12155655212700367,,0.8995815943926573,,,-0.11236212092141311,0.8757545650005341,0.1909809410572052,-0.9118684940040112,-0.2150440864068897,0.25022712105419487,,
211,2018-10-23,-0.09257123780252596,-0.9502497324720025,,-0.032626355066895485,,,0.9141849717125297,0.6402770765125751,,-0.7932796627283096,,,-0.918018632568419,,,,,0.209278537625713,,,,,-0.30154577223584056,-0.6479900546371937,0.08287989844878514,-0.9538381572347134,-0.16513344932657978,,-0.9496710342355072,-0.8075860510580242
212,2018-10-24,-0.15069571610587507,-0.5381221622228622,,,0.5712012499570847,,,,,-0.9491874370723963,,,-0.9537024339661002,-0.9521108809858561,,,,0.07282769307494164,,,,,-0.17077184344331423,-0.4769327971152961,0.633862592279911,-0.6427716163452715,-0.04383738791303975,,-0.01046591904014349,
213,2018-10-25,-0.09944522224769399,0.11199668049812317,,,,,,,,,,,0.7271087393164635,,,,,-0.38469214900396764,,,,,0.16040031230923804,0.257848946005106,,-0.9534624936059117,-0.009453301317989826,-0.29540945682674646,0.27556395654877025,
214,2018-10-26,-0.1262939416162338,-0.9452856229618192,,0.00377647764980793,,,,,,,,,0.8684155754745007,,,0.8931828700006008,,0.9186361646279693,,,,,-0.16652586590498686,-0.7988017965108156,-0.631977645214647,-0.9414337975904346,-0.10657612904906273,,-0.04806831479072571,0.6444207224994898
215,2018-10-29,-0.07703192924786555,0.8901896793395281,,,,,,,,-0.9339315369725227,,,,,,,,-0.26060154382139444,,,,,0.15323674231767653,-0.2047131622210145,-0.06232889294624329,0.10317404568195343,0.006615672467483414,0.4302957197651267,0.829513430595398,0.050254372879862785
216,2018-10-30,-0.04320586721579331,0.16412636637687683,,0.5152350729331374,,,,,,0.1265859305858612,,,-0.926008440554142,,,,,0.22865583770908415,,,,,-0.02161301765590906,-0.7910790517926216,0.2584219388663769,-0.291633019844691,-0.10134370010346175,0.07248384226113558,-0.4948597364127636,-0.7342187017202377
217,2018-10-31,-0.01151002945089844,-0.5292746238410473,,,,,,,,-0.7347817048430443,,,0.47314663231372833,,,0.7274849265813828,,,-0.17921383678913116,,,,0.6770495516248047,0.2539497744292021,0.7991413697600365,-0.38411788844193023,-0.07272221266546032,,0.2929450972005725,0.12385284900665283
218,2018-11-01,-0.11558491429168118,-0.8996476428583264,,,,,,,,0.7625885121524334,0.010198138654232025,,0.8906307816505432,-0.945749749429524,,-0.949138980358839,,-0.5090794544667006,,,,,-0.19988172966986895,0.85152243450284,0.8694167360663414,0.2140251100063324,-0.011321375612169504,,0.6843101531267166,
219,2018-11-02,-0.10708375610442845,0.8311143256723881,,,,,,,,,,,0.8613923117518425,,,,,-0.2945328534891208,,,0.8266299031674862,,0.8824709393084049,-0.36172196144859,-0.5241489526815712,-0.9630860267207026,-0.20964859156972832,,0.5889355093240738,
220,2018-11-05,-0.04602297597319262,0.7099182493984699,,,,,0.009861893951892853,,,,,,0.8586192764341831,0.8239666745066643,,0.7425930146127939,,-0.2873866039638718,,,,,-0.37285096116829664,-0.34419906325638294,-0.9333261917345226,,-0.06561119155958295,,0.9084164965897799,
221,2018-11-06,-0.05901854772103883,-0.8619012385606766,,,0.10127142816781998,,0.042287491261959076,,,,,,-0.9533017324283719,,,,,-0.2263624475648006,0.17826403863728046,,,,-0.09100386655579011,0.116184967259566,-0.16211733175441623,-0.5000946956376234,0.03053862489759922,,0.8345233779400587,-0.7143574096262455
222,2018-11-07,-0.04656247255422869,,,,,,0.45030316710472107,,,0.1447405256330967,,,-0.060881119687110186,,,,,0.36520703677088023,,,,,-0.09350369647145271,0.5091195181012154,0.14855352820207676,0.19605275988578796,-0.22402547920743623,0.038845461793243885,0.8778199162334204,
223,2018-11-08,-0.007897785659618937,,,,0.06085344776511192,,,,,,,,,,,,,-0.047312991616005697,,0.8669032417237759,,,-0.5263889704697898,,-0.9186543952673674,0.3051467202603817,-0.31069590616971254,0.8386614993214607,0.41563427448272705,
224,2018-11-09,-0.16255528532432573,-0.9505138881504536,0.11046597361564636,,,,,,,,,,-0.7191499089822173,-0.9639476174488664,,,,-0.04138426436111331,,,-0.9315407983958721,,-0.1403445743024349,-0.9500961614151796,-0.8944976783047119,-0.9265461773611605,0.8859158810228109,,-0.4914927873760462,-0.5487619936466217
225,2018-11-12,-0.15198736727636838,0.39233187586069107,-0.13397906720638275,,,,,,,,,,-0.9535267446190119,0.39908645302057266,,0.06266221776604652,,0.49318932369351387,,,,,-0.43209347885567695,-0.16780094243586063,-0.9136626571416855,-0.5788993984460831,-0.16901945788413286,0.20859261229634285,-0.2796613434329629,
226,2018-11-13,-0.14404610815289626,0.3698580861091614,,,0.1667943554930389,,-0.6547161489725113,,,,0.10425790026783943,,,-0.021471036598086357,,,,-0.2760075866762135,0.12109759449958801,,,,-0.317763558588922,0.17266957461833954,0.8828078992664814,-0.7775747291743755,-0.6123195650676886,0.6017111726105213,0.8915426544845104,
227,2018-11-14,-0.12349560731527967,0.6990953758358955,,,,,,,,,0.07231275364756584,,0.189274400472641,,,-0.764778645709157,,-0.16403732681646943,,-0.9557768059894443,,0.40449627209454775,-0.8265984393656254,0.15012115892022848,-0.9455480752512813,-0.3651994401589036,-0.046764560788869855,,0.7812751599897941,0.4639403000473976
228,2018-11-15,-0.09002397850388102,,0.22089873751004538,,,,,,,,,,0.8698085369542241,-0.041437297128140926,,-0.9366057757288218,,0.3825432304292917,,,,,0.06632127449847758,-0.41583374328911304,0.719266727566719,0.7512126937508583,-0.44672988448292017,,-0.0682127964682877,0.15640155225992203
229,2018-11-16,-0.0924795127349158,-0.8317802548408508,,,,,-0.8923445716500282,,,,,0.690693317912519,0.24368071556091309,,,,,0.3326313818494479,,,,,-0.1089512336999178,-0.611315301929911,-0.9569965396076441,-0.41094386919091147,-0.3204670725390315,,,-0.7621884942054749
230,2018-11-19,-0.128062192856566,,,,,,,-0.3170235604047775,,-0.8836909858509898,,,,,,,,0.05913725992043813,,-0.5643941997550428,0.04013674892485142,,-0.07784935040399432,-0.7284223581664264,-0.9082095694417754,-0.4314733352512121,-0.2987342410100003,0.44656696636229753,-0.9529203725978732,-0.766469918191433
231,2018-11-20,-0.15107840240916467,-0.9125921092927456,,,0.7856489401310682,,,0.4884581472724676,,-0.7353109121322632,,,0.20915337279438972,,,,,0.024355136685901217,-0.09605870023369789,,,,-0.5399070537338654,-0.7642991148556272,-0.9566508149728179,-0.9568627323023975,-0.45730834560734884,-0.018037120811641216,-0.9118826696649194,0.19510512333363295
232,2018-11-21,-0.14079327031105984,-0.4821212440729141,0.7181533798575401,,0.9278020309284329,,0.004736408591270447,,,-0.7131233364343643,,,-0.96502825897187,,,,,0.13700639218505886,,,,,0.897535128518939,0.4162770756520331,-0.6474693566560745,-0.9317672867327929,-0.34028863767161965,0.04226341284811497,,
233,2018-11-22,-0.11355286010788107,-0.8191260879859328,-0.7318707555532455,,,,0.509602427482605,,,,,,0.8782286047935486,,,,,0.2191410274244845,,,-0.9378942288458347,,0.35890342108905315,,0.1696480717509985,-0.9476730925962329,-0.37899918481707573,0.2109376499429345,-0.955033030671378,
234,2018-11-23,-0.15222118460847664,,,,,,,,,-0.9602621868252754,,,,-0.9559507425874472,,,,-0.004928325095938312,,,,,-0.01839805208146572,-0.9175696827005595,-0.8660808983258903,-0.9403999401256442,-0.4858243349008262,0.2429588564361135,-0.3634183192625642,
235,2018-11-26,-0.13753800528107882,0.08392900601029396,,,0.19557402655482292,,,-0.4888044111430645,,,,,0.16146140545606613,,,,-0.0026254466233345177,0.030676135194620917,,,,,-0.9544421806931496,-0.5345162227749825,,0.8080156048138937,-0.5602985361797942,0.03617532458156347,0.8711328878998756,0.12785093486309052
236,2018-11-27,-0.09668652705629083,,,,,,,,,,,,-0.6325790882110596,,,,,-0.2329629533406761,-0.04880620166659355,-0.9669501315802336,,,0.5669739046134055,0.4807792603969574,-0.6745357494801283,,0.4049849547445774,-0.9042472261935472,0.04222931759431958,
237,2018-11-28,-0.016720079068314804,-0.3163713216781616,,,,,,,,,,,,0.10159842669963837,,,,0.07446123473346233,,,,,,0.38254355639219284,0.86792285554111,0.22745272424072027,-0.17788207530975342,,0.6823879632477959,-0.8056330271065235
238,2018-11-29,-0.10071767295861768,0.23961783945560455,,,0.06692512799054384,,0.07081686519086361,,,,,,0.7930319448933005,,,,,-0.25742730288766325,,,,,0.07672419957816601,-0.9497835695122679,-0.9428418055176735,-0.027770830783993006,-0.7651469483971596,0.1338665448129177,0.9000100117797653,
239,2018-11-30,-0.113287244732915,,,,,,,,,,-0.9358281930908561,,0.449909720569849,,-0.5593616813421249,0.05073940008878708,,0.8562810821458697,,,,,-0.9502675989642739,0.11398953199386597,,-0.8790060679117838,-0.6391116417944431,,-0.9548459267243743,
240,2018-12-03,-0.08620173045757996,,,,,,,,,,-0.036582402884960175,,0.8284757435321808,0.9035693164914846,,-0.37037542928010225,,-0.1504751185753516,-0.04910360649228096,,,,0.057464763056486845,0.4078764297068119,-0.6212895112112164,-0.32264383137226105,-0.2992505518098672,-0.016923172399401665,-0.022034586717685063,
241,2018-12-04,-0.023271919415536815,,,,0.3380379010923207,,,,,,0.007358677685260773,,,,,,,0.30440985939155024,,,,,0.5612360673646132,-0.9434249536134303,-0.1771197688455383,-0.9311936041340232,-0.9485087785869837,0.16197845339775085,-0.010408915113657713,
242,2018-12-05,-0.05992001023351852,-0.9595960592851043,,,,,0.6176058575510979,,,-0.8628259710967541,,,-0.8930874578654766,,,,,0.0461420388892293,0.5467656590044498,,,,-0.8168091399595141,-0.9449602486565709,-0.06512296292930841,-0.9508640309795737,-0.3000798877328634,,-0.2704698462039232,-0.16470712795853615
243,2018-12-06,-0.1603846335917797,,,,-0.836636733263731,,,,,,,,-0.9422246469184756,,,,-0.004111260175704956,0.22674972657114267,-0.07107001170516014,,,,-0.3477141326293349,-0.9343845881521702,-0.9478970367927104,0.18661298230290413,0.04489021934568882,,-0.9094442262624701,
244,2018-12-07,-0.1677990332423068,0.5607331842184067,,,,,,,,,,,,,,,,-0.019719029621531565,,,,,-0.18208585027605295,-0.8668062791693956,-0.8430042525287718,-0.10669645015150309,0.23275095038115978,0.20611337572336197,-0.4170127767138183,-0.15066948533058167
245,2018-12-10,-0.1741002317517996,,,,,,,,,,,,-0.9530472783371806,,,,-0.0032560601830482483,0.4263913915492594,,,,,-0.012075061677023768,-0.3781098557325701,-0.9508363539353013,-0.8902672305703163,0.022997571155428886,,0.4775955379009247,
246,2018-12-11,-0.0658441150563659,,,,,,,,,-0.9431437328457832,,,0.9245208650827408,,,,-0.0004952438175678253,-0.4720429112203419,,,,,0.8220710955560208,-0.9299747049808502,0.2948274115721385,0.7035098498066267,,,0.8332182262092829,-0.8074959143996239
247,2018-12-12,-0.1045932235690404,,,,,,,,,,,,0.9049126468598843,,,,,0.029475994408130646,,,,,0.15720391124486924,0.799793291836977,0.8930492245902618,0.12248214408755302,0.14204616099596024,,0.5842050611972809,
248,2018-12-13,-0.12779410951955142,-0.9066225588321686,,,0.09192995447665453,,,,,,,,,,-0.8991933390498161,,,0.2516615869743483,-0.13316061347723007,,,,-0.19491698499768972,-0.021025394089519978,0.04534258786588907,-0.9433355294167995,-0.1803811543310682,,-0.04541966365650296,
249,2018-12-14,-0.1899338142768676,,,,,,,,,-0.9500304898247123,,,-0.9601707942783833,,,,,0.12710143253207207,0.09378316253423691,0.45005970261991024,,,-0.9205883983522654,-0.7611541381726662,-0.9500365247949958,-0.945778732188046,-0.7787712197750807,,-0.6072630959873399,-0.7636673897504807
250,2018-12-17,-0.14934901593840408,-0.9509153822436929,,,,,,,,,,,0.702680803835392,,,-0.8450861293822527,,-0.30705204722471535,-0.01045617088675499,-0.6112533770501614,,,-0.6622214202458659,-0.610486131782333,,-0.7718884721398354,-0.27771035073833034,,-0.040939715690910816,-0.5800635106861591
251,2018-12-18,-0.16383903960835328,,,,,,,,,,,,-0.3477357253432274,,,,0.0003537200391292572,-0.1241648867726326,,,,,-0.36309933476150036,-0.4217048566788435,,-0.9495178870856762,0.08866947516798973,,0.8292034938931465,
252,2018-12-19,-0.08918801124637736,,,,,,,-0.01443781703710556,,-0.9226994346827269,,,0.7819706499576569,0.603314220905304,,,,0.0007660575211048126,,,,,0.41328585147857666,0.5920817255973816,-0.12332648038864136,-0.21132697886787355,0.31390691284711164,,0.4845319390296936,
253,2018-12-20,-0.16333799380188188,,,,0.0427831681445241,,0.7174662314355373,,,,,,0.858137521892786,-0.8905565105378628,,,,0.21195485442876816,-0.026211492717266083,,,,-0.8599162514631947,-0.9184046152513474,-0.6664505694061518,-0.9230538507302603,-0.2507577929645777,-0.8554497994482517,-0.9583831932395697,
254,2018-12-21,-0.2312075377170956,,,,,,,-0.8808973804116249,,,,,-0.914100443944335,,,,,0.06053645210340619,-0.1031665988266468,,,,-0.350972305983305,-0.9234450603835285,-0.9258846919983625,-0.6407944997772574,-0.42478025890886784,,0.005257055163383484,
255,2018-12-24,-0.25757760003242375,,,,,,,,,,,,-0.3747159596532583,,,,,0.02096920646727085,0.21951525611802936,,,,-0.6091535985469818,-0.9365689404308796,-0.5159232191120585,-0.9216395318508148,-0.12234164339800675,,-0.9499625698663294,
256,2018-12-25,-0.19919387590036625,,,,,,,,,0.8321006111800671,,,,,,,,,-0.006014741957187653,,,,,,,,0.1403943933546543,,,
257,2018-12-26,-0.24521129386266693,,,,,,-0.9247149433940649,,,0.09732282534241676,,,-0.9470745846629143,,,,,0.27626380138099194,,,,,,0.23330948501825333,-0.0821752694901079,,-0.8639084696769714,,,
258,2018-12-27,-0.19495522292150605,-0.910117719322443,,,,,,,,-0.5648426557891071,,,0.850087221711874,,,,,-0.31495067570358515,,,-0.9597546448931098,,-0.7446702942252159,-0.19736108323559165,-0.9527756730094552,-0.95496956538409,0.05507380608469248,,0.6097304970026016,
259,2018-12-28,-0.1662719932776925,,,,,,-0.8689540531486273,,,,,,-0.9554238235577941,,,,,-0.4504948630928993,,,,,0.6502500437200069,-0.389689065515995,,0.0893322875102361,-0.34373146295547485,-0.2159091979265213,0.05149987433105707,
260,2018-12-31,-0.1305710419313982,,,,0.0707411952316761,,,,,,,,,,,,,-0.0770710394717753,,,,,0.06279328931123018,0.1332093933597207,0.5470802014072736,0.17477449774742126,-0.1769148570795854,,,
