,date,topic_106,topic_116,topic_119,topic_123,topic_142,topic_150,topic_159,topic_160,topic_169,topic_177,topic_182,topic_22,topic_222,topic_237,topic_3,topic_35,topic_41,topic_43,topic_48,topic_49,topic_53,topic_6,topic_63,topic_67,topic_69,topic_74,topic_76,topic_78,topic_96,topic_99
0,2017-01-02,,,,,,,,,,,,,,,,0.24393022526055574,,-0.13530112663283944,,,-0.9001358719542623,,,,,,,0.4581002448685467,,
1,2017-01-03,0.04065828025341034,,,,0.04638456704560667,,,,0.010818380862474442,,,-0.058851638808846474,,0.14015529886819422,-0.042131653210769095,0.5073571410030127,,,,,-0.8531453628093004,0.17748683349539837,,-0.09634800627827644,0.7870752289891243,,-0.008347559720277786,0.14184853248298168,-0.23151537496596575,
2,2017-01-04,0.13416918274015188,0.041320955380797386,,,,,0.05180312041193247,,0.08867848291993141,,,0.05364726483821869,,,0.04158524749800563,-0.27156739472411573,,-0.332943569868803,-0.8517111726105213,0.01865672878921032,,-0.5272437824557225,0.8676792625337839,,,0.017994262278079987,,,,
3,2017-01-05,0.11431457164386909,,,,0.3746053664945066,0.6290551573038101,0.09620214067399502,,,-0.7303760945796967,,,,0.06664712633937597,,-0.9635425973683596,0.16241987934336066,-0.05452344985678792,-0.029735525138676167,-0.7718776799738407,,-0.31148928054608405,,,0.913391824811697,,,0.18998797610402107,,0.6471228515729308
4,2017-01-06,0.09566081874072552,,,-0.7006301856599748,,,,,,,,-0.0052327960729599,0.045427603647112846,,0.09274222511157859,-0.612112857401371,0.10240254178643227,,-0.2654548129066825,-0.9529976332560182,,-0.022620666539296508,-0.9216102715581656,,-0.9644308933056891,-0.07580778002738953,-0.005102537572383881,0.01766832545399666,0.13688002154231071,0.08845480034748714
5,2017-01-09,,,,,-0.3865862633101642,,,-0.03818864747881889,,,,-0.2612406052649021,,-0.2225171240667502,-0.5952967031626031,,0.532851935364306,-0.08340433274861425,,,-0.6492600929923356,-0.7441906370222569,-0.015901061706244946,-0.09927724068984389,-0.7578998270910233,-0.22222654661163688,0.09756540786474943,0.2268058955669403,-0.922254640609026,
6,2017-01-10,0.014106771908700466,,-0.12424875900615007,,-0.2647696202620864,,,,-0.01482977345585823,,,0.2695266967639327,0.029431544244289398,-0.021949462592601776,-0.11032639948340754,,,,-0.4854543670080602,-0.9153836504556239,-0.67990468069911,-0.5032929096681377,-0.861717201769352,,,,,0.2773711383342743,-0.7545178905129433,
7,2017-01-11,,,-0.5822358774021268,,-0.01775768616547187,,,,,-0.5253153871744871,-0.387651733122766,0.4441084871068597,0.035183608531951904,0.16288333758711815,0.03217058119215918,-0.8439905615523458,-0.9508118312805891,0.06623092169562976,0.20308975619263947,0.7428997047245502,,0.12048365976661443,,,-0.36788258515298367,0.725889403373003,,0.7890429086983204,,
8,2017-01-12,,,,,-0.24481375950078169,,,-0.09365699090994895,-0.04132579639554024,,-0.3821704648435116,-0.1446405727765523,,,-0.31285862502409145,-0.7869928712025285,,-0.2810859742263953,,-0.9663894972763956,,-0.42100132163614035,-0.8564591724425554,0.09781983005814254,-0.9513193075545132,,,0.276384965206186,0.08712529763579369,
9,2017-01-13,,0.03669884568080306,,,-0.012242037802934647,,,-0.03423326782649383,0.02989860810339451,-0.9457068517804146,-0.6329699624329805,-0.04952325113117695,0.049579063430428505,,-0.2080244931858033,-0.03440962731838226,-0.5871645168711742,,0.6734103905037045,0.8511972837150097,-0.47210187232121825,-0.9574491819366813,,,,0.05643343925476074,,0.18586633168160915,-0.33603783827857114,
10,2017-01-16,,,,-0.05345549341291189,0.012553260661661625,,,0.02101283334195614,,-0.9582927208393812,,,,0.013201935216784477,-0.01972632637868325,,,-0.028996544230418902,,-0.9616840188391507,,-0.7843912788666785,,0.052075786516070366,-0.3531511372420937,-0.026522018015384674,0.05486093647778034,0.476002492941916,-0.615040689590387,
11,2017-01-17,,0.12623984273523092,,-0.3906006161123514,-0.36976062459871173,,,,,-0.4626580625772476,,,,-0.005421709269285202,-0.015381533103728933,,-0.7776095255976543,,,,,-0.6440170544665307,,,-0.8055648598819971,0.022064557919899624,-0.07897326862439513,0.2767069274559617,-0.01667541265487671,0.8912007864564657
12,2017-01-18,,0.09266783855855465,,,0.31650880561210215,-0.8282229267060757,,-0.16735091526061296,0.005009174346923828,,-0.4724877178668976,0.08276978484354913,0.005063947290182114,,-0.11092792265117168,-0.953519125469029,-0.1783416121366567,,,0.6072897911071777,-0.850921044126153,-0.5716210785321891,,0.041138303466141224,-0.9644824988208711,-0.07532953936606646,,0.07936774985864758,-0.2879496794193983,0.39394129409144324
13,2017-01-19,,0.04935632273554802,0.12897596508264542,-0.32174717728048563,,,,,0.005728088319301605,,-0.4863266604952514,0.13493164566655955,0.038573610596358776,0.6965640932321548,0.10871093906462193,,0.24436223250813782,0.05045679956674576,,,-0.5999370738863945,-0.6070535999024287,-0.23234261572360992,,0.4152135793119669,-0.09813701594248414,0.0045254286378622055,0.2828548289835453,-0.4288881430402398,0.17815879390885433
14,2017-01-20,,0.06257421150803566,,,,0.07164973067119718,,,0.02075406350195408,,,-0.18893771401296058,0.033411749017735325,-0.23644513986073434,0.02626389596844092,-0.9514437988400459,,,,-0.8162850141525269,,0.3697463274002075,0.9249065993353724,,,-0.4059363566339016,0.09774465532973409,0.27486899634823203,-0.28815179225057364,0.40110523626208305
15,2017-01-23,0.033948647789657116,,,-0.42985674215015024,,,,0.020622044801712036,,-0.9491393240168691,0.18009290099143982,-0.4195629972964525,,,0.047460498218424615,,,-0.14098566453903913,,,-0.6976857236586511,-0.07875364848102133,,,-0.9481431427411735,0.0362509290377299,0.041889763437211514,0.07468853238970041,-0.9335793610662222,0.470849700892965
16,2017-01-24,-0.006204800680279732,0.029484620317816734,-0.8535484708845615,-0.23091622069478035,,,,-0.012674674391746521,0.022832093760371208,,-0.4253596421331167,0.19531103549525142,0.038461185060441494,0.10733084660023451,0.005075560717765863,-0.9112039301544428,0.28784363297745585,,-0.8488694950938225,-0.950967192882672,-0.6199576279614121,-0.1995134645452102,-0.9380816109478474,,0.9101480338722467,-0.18711227178573608,,0.25225883862003684,-0.2522130622994155,0.8171454034745693
17,2017-01-25,0.016715033445507288,,-0.4620882123708725,,0.05761155905202031,,0.0410272479057312,,-0.0014117807149887085,-0.4831896470859647,-0.42581597995013,-0.06203081412240863,0.05084531754255295,-0.3770301837939769,-0.049454411480110136,-0.3812788128852844,0.08030586317181587,-0.3977692034095526,,0.9015659242868423,,-0.4738595454255119,-0.22059834795072675,,0.6999509586021304,-0.13414882495999336,,0.23351100203581154,0.22654734551906586,0.5675583891570568
18,2017-01-26,-0.005775470286607742,0.03505747765302658,,0.021383151412010193,,,0.023174554109573364,,,,,-0.03565348436435064,0.07667121725777785,,-0.02952826686669141,0.10151154641062021,0.7612733989953995,-0.4195988206192851,,,,-0.05695371609181166,0.9189524725079536,,-0.9530386582482606,0.09850367717444897,,-0.061000674962997437,,0.7042654268443584
19,2017-01-27,,0.4391428614035249,,-0.11447514966130257,,,0.027781352400779724,,-0.016098659485578537,-0.9134880183264613,-0.39344053715467453,-0.423836013302207,,,-0.18374136763547236,-0.9357171670999378,0.5044971844181418,0.13222793769091368,,0.7477388493716717,-0.6167374132201076,-0.8707836859393865,-0.668574757874012,,0.347289499361068,0.0657760314643383,,0.09766049310564995,-0.40081591345369816,
20,2017-01-30,0.041977427899837494,0.537595740519464,,-0.3061737532261759,,,,-0.4256220608949661,,-0.07770593836903572,-0.41468742303550243,-0.13117144294665195,,,-0.07699465888435952,,0.7844369001686573,-0.1872114224159824,,,,-0.7371696690097451,-0.635660242754966,,-0.9581792892422527,0.15068058017641306,-0.4237971715629101,,-0.6090872138738632,
21,2017-01-31,0.01701936296497782,0.027010196819901466,,-0.3424935562070459,,,,,0.0015144050121307373,-0.9474714621901512,,0.013424128914872805,,,-0.21284208379802294,-0.7018635920248926,-0.6357391998171806,0.07939551025629044,,-0.9615925579952697,,-0.6555033717304468,0.0059001643887975,,,,,,-0.14738114643841982,0.4455411280505359
22,2017-02-01,0.15593978483229876,0.0490386001765728,,,,,,,-0.0004966482520103455,-0.7939038798213005,-0.28126297891139984,,0.04744089860469103,,-0.027263359865173697,0.37445993162691593,,-0.12092714694639047,-0.34667312633246183,0.72968490421772,-0.9399959649890661,-0.3524710312485695,0.36067836607495946,0.037330727092921734,-0.9478960242122412,,,,-0.7928268704563379,
23,2017-02-02,,,-0.5983449476771057,-0.21832499094307423,-0.02627863424519698,,0.04683182667940855,0.027506159618496895,0.03490775637328625,-0.9428745768964291,,0.34001403488218784,0.07053089917947848,,-0.022398125651913386,,-0.2978273790019254,0.014297555200755596,-0.32017734181135893,,0.7978967484086752,-0.6790283108130097,0.35102892958093435,0.1472445521503687,0.0073373764753341675,,,0.058348565362393856,-0.8918482202570885,
24,2017-02-03,,,0.5095745474100113,,0.015134742483496666,,,,0.005446832627058029,-0.4748656695398192,-0.2893549958243966,-0.3330213986337185,0.07225082069635391,,-0.0599067946546711,,-0.9355985077563673,0.15337058529257774,,-0.806978527456522,,-0.2814749924466014,,-0.05168971139937639,-0.17294256680179387,,,,-0.5823992425575852,
25,2017-02-06,,0.4446851881220937,,-0.191279626917094,-0.0022906536857287088,-0.9537391467019916,0.09014279954135418,,-0.07907337136566639,,,,,,-0.06710224136865388,,,-0.06858510071677822,-0.7153021860867739,0.9192073661834002,-0.9527978077530861,-0.19955837912857533,0.7256705984473228,0.0170952957123518,,0.198544230312109,,0.10606132820248604,-0.2902636270349224,0.5029946784488857
26,2017-02-07,,,,-0.5461293508609136,0.1627648426219821,,,,-0.07682278752326965,-0.9242157945409417,-0.3422798337414861,-0.18148472144578895,,,0.030104120596661232,,,,,-0.9660265767015517,,-0.07984823624913891,0.18110577948391438,0.2468291912227869,,,,0.23474575454990068,0.060381609946489334,0.3300223078113049
27,2017-02-08,-0.2641027783975005,,,0.2704466423019767,,,0.022955279797315598,0.14396956469863653,-0.5291178785264492,-0.9491284061223269,,0.16905700974166393,,0.060049451499556504,0.08493933772357802,-0.4232871481217444,-0.46285300701856613,0.6948729567229748,,0.7469711974263191,-0.677315317094326,-0.12064624327467754,,,-0.020812395339210827,,0.02410140633583069,0.16257082065567374,-0.3933681034250185,0.6831701183691621
28,2017-02-09,0.05488009378314018,0.03153377212584019,,-0.7181641214992851,0.2000177758745849,,,,-0.002747010439634323,-0.8354784175753593,,-0.08379381995958586,0.02573373168706894,,-0.13789891484858735,0.008654586737975478,-0.9180085929886749,0.12060510460287333,-0.028910158202052116,,-0.530989155638963,-0.7115179318934679,0.8588073346763849,,,-0.005869276821613312,-0.022329374216496944,0.03239168133586645,0.0017836798603336017,0.47251239558681846
29,2017-02-10,,-0.0698105008341372,,,0.22924436256289482,,,0.00527925044298172,0.06885976344347,-0.8036492355167866,-0.5923300310969353,-0.16363434423692524,,,-0.12220895071125899,,,,0.0064283329993486404,,-0.9352182471193373,-0.5952861309051514,0.10803430154919624,,0.893484391272068,,0.03898339904844761,0.06352649023756385,-0.6417871887485186,0.6629427326843143
30,2017-02-13,0.21615064097568393,,,,0.11384218465536833,0.4377766028046608,,-0.07302762769783537,0.07496176660060883,-0.15191025286912918,,0.032337039709091187,,,-0.03967519989237189,0.2368178702890873,0.22853339836001396,-0.06992023950442672,,0.45366509282030165,-0.5632715122774243,-0.9559294218197465,0.49758173432201147,-0.022423341870307922,-0.035305168479681015,-0.12145597736040752,0.011173697654157877,,,
31,2017-02-14,,0.06473217438906431,,,,-0.32770752161741257,0.05653789616189897,,,-0.7794490084052086,,0.05596571508795023,,,-0.06347552860097494,-0.06241299957036972,,-0.19344477355480194,,-0.9647387946024537,,-0.7517961538396776,0.42835312224924565,,0.028543730964884162,,0.017431925982236862,0.21580846840515733,-0.0438943668268621,0.22224709019064903
32,2017-02-15,0.1452541626058519,,,,,,,0.011857341974973679,0.25632961839437485,,-0.5467370878905058,0.037971507757902145,0.0417133430019021,,-0.01643815916031599,0.7546354606747627,,-0.03586210054345429,-0.31387606263160706,0.848251567222178,-0.33267787378281355,-0.8758562355069444,,,0.7538664396852255,,0.047588108107447624,0.030978482216596603,,0.08326625265181065
33,2017-02-16,,,,,0.021574336104094982,,,0.03455894161015749,0.0297683198004961,,,-0.5258911065757275,0.024838679935783148,,0.10337046456697863,-0.951072946190834,,-0.12646590918302536,-0.9587606806308031,-0.9289521975442767,,-0.8166212920720378,,,-0.3015576768666506,,,0.4470793940126896,0.054914199436704315,
34,2017-02-17,,,,,0.06540289334952831,,,,,0.415951631963253,-0.5485418094322085,-0.28601946340252954,,,-0.22600916054631984,-0.31283725635148585,,,-0.07188883959315717,,-0.010027095675468445,,-0.724193312227726,0.09215795155614614,-0.9573735548183322,,0.009851962327957153,0.055875123012810946,,0.06736444123089314
35,2017-02-20,,,,,-0.10157421533949673,,0.024972373619675636,0.014903058856725692,,0.5201782148797065,,,,,-0.36939850305983174,0.09414208214730024,,0.01971572351508907,,-0.9305454082787037,,-0.7773936309386045,,,,,-0.19482814924170574,0.20458017196506262,-0.12081695348024368,
36,2017-02-21,,0.11737990193068981,,-0.37401346132780117,-0.016874631633982062,,0.10401039733551443,,2.8714537620544434e-05,,,-0.02232246675218145,,-0.03519957885146141,0.035579217301512304,-0.4397824238985777,,-0.09172908216714859,-0.963709618896246,0.6685524079948664,,-0.5070440269385775,0.9177417997270823,0.19259036477888003,0.8855524035170674,,-0.022783472202718258,,,0.04094795975834131
37,2017-02-22,0.08453169697895646,0.12598399724811316,,-0.9229433522559702,0.01982402801513672,-0.8200700283050537,0.0772971254773438,,-0.006570920348167419,,,-0.24652150087058544,,,0.09085363263632946,0.007906167767941952,,0.0013966038823127747,-0.019534560618922114,-0.9365873788483441,-0.27279934845864773,-0.5250188745558262,,-0.3269960694015026,-0.9650756637565792,-0.11735866777598858,-0.010494895279407501,,-0.2183390837162733,
38,2017-02-23,,,,,0.3623543262947351,0.0438100122846663,,0.0298020513728261,-0.04676835611462593,,,-0.022881293669342995,,,0.18194307848170865,-0.8845966085791588,,-0.17748441686853766,-0.13178097689524293,,,-0.9156986260786653,,0.37096545088570565,0.04633831977844238,,,,,
39,2017-02-24,,,,,0.02984793111681938,,0.026638935630520184,0.006318299099802971,0.005473177880048752,-0.9173199199140072,,-0.11016764305531979,0.04285754822194576,,0.24736406040222694,,,,,,-0.35577838122844696,-0.7003897316753864,,0.11900563444942236,-0.9476560091910263,,-0.0009404271841049194,0.18273118464276195,,0.8664462622255087
40,2017-02-27,0.07390431500971317,0.036189536564052105,-0.9301849026232958,-0.5368049289099872,0.11541594425216317,-0.9340480975806713,0.018177883699536324,0.038195911484460034,,,-0.6450657248497009,-0.3143346426077187,,-0.2491445131599903,0.09577782793944194,,-0.6071595987305045,0.033390961959958075,-0.048358370549976826,-0.9539939342066646,-0.32377495616674423,-0.2599577418528497,-0.12130916677415371,0.10469693224877119,,0.20508474794526896,0.04242552071809769,0.26465048128739,,
41,2017-02-28,,0.29422951582819223,,,0.22896008333191276,0.3583588972687721,0.027746565639972687,,,,,-0.09551646001636982,0.04720960557460785,,0.06189820924191736,-0.9363140612840652,,,-0.5432369336485863,,,-0.9400950621347874,0.31768053211271763,0.06431367667391896,-0.9463163781911135,,0.46694004256278276,0.2530080806463957,,
42,2017-03-01,-0.14440260641276836,0.08361879643052816,,-0.29973003827035427,-0.3953361511230469,-0.7867641365155578,,,0.044965654611587524,-0.854172620922327,-0.18538669124245644,-0.2885148486820981,0.05116589367389679,-0.2706011962145567,0.10792731016856404,,,-0.2910407657424609,,0.5016499347984791,,-0.8234520407859236,0.8909110315144062,-0.040208674035966396,,-0.05223894864320755,0.01624036207795143,,,
43,2017-03-02,0.040696652606129646,0.17764485720545053,,,0.015993062406778336,-0.3598581589758396,,,0.06532670930027962,0.7693767622113228,,-0.04757218807935715,,-0.3353985846042633,0.01137894345447421,,,0.013053626287728548,-0.6061841275077313,,,0.3048275620676577,,-0.05979467462748289,,0.05172277335077524,,,0.4042703155428171,
44,2017-03-03,,0.05053151398897171,0.06767969019711018,,,,0.017888125032186508,-0.28588062711060047,0.08803994581103325,,,-0.08095121383666992,,-0.017081809230148792,0.05747774862472645,,0.04000756237655878,,-0.9363800785504282,,-0.32068160735070705,-0.6615610746666789,,,0.3884377658832818,-0.09324352908879519,0.05181008204817772,0.4350491212680936,,
45,2017-03-06,,-0.2980922982096672,,-0.4015519549138844,,0.13154476881027222,0.050742131657898426,,-0.7220971584320068,,,-0.16507075633853674,,,0.0002630261429162188,,-0.03405789932003245,-0.07368508850534757,-0.9255200419574976,-0.959301371127367,,-0.3651576486416161,0.9160177484154701,0.025010382756590843,,0.030025098472833633,-0.0501956082880497,0.1573065579868853,,
46,2017-03-07,-0.0339060639962554,0.41250635869801044,,-0.6082305675372481,0.1828465391881764,,,,,,,-0.1926134955137968,0.03902620542794466,,0.005887249979423359,-0.9590430376119912,,,,-0.9296906217932701,,-0.3906651078723371,,,-0.9621234755031765,,,0.5974721279926598,0.7134415116161108,
47,2017-03-08,0.040095343021675944,,-0.4022530782967806,-0.12884243205189705,,0.2159258412818114,0.02745444793254137,,,,,-0.10667540319263935,0.03838304150849581,,-0.1476835904371304,-0.11580808134749532,,-0.19675502181053162,,,,-0.6718424555313375,,,-0.9458253174088895,,-0.09121100883930922,,-0.028207000344991684,
48,2017-03-09,0.06659404188394547,,,,-0.03706766851246357,-0.09997439384460449,,,-0.00022218003869056702,,,-0.061615965949992337,0.038079017462829746,-0.021722170989960432,0.01889522881873955,,-0.1723386044614017,0.1782133923843503,-0.888613804243505,,,-0.7121403617784381,,0.09316069190390408,-0.9442503140307963,,,0.4800106189213693,,
49,2017-03-10,,,,-0.401614211499691,,,,,-0.013105325400829315,,,-0.03643515706062317,0.18660278916358947,,-0.06686169965541922,0.4135816479101777,,0.053175851702690125,0.24790305271744728,-0.02491772547364235,,-0.8748530882410706,,,-0.9301417570095509,,,0.35186970569193365,,
50,2017-03-13,0.06718917423859239,,,,0.06928743165917695,,,0.07780373841524124,,,,-0.08493451805164416,0.02791011892259121,,-0.04449010351284718,,,0.22137679951265454,-0.011010119691491127,0.5780288735404611,,-0.7100665575514237,,-0.14283587038516998,,-0.060502493754029274,-0.06686400265122454,0.44942413293756545,,
51,2017-03-14,,,,,,-0.37307866252958777,,-0.23634768277406693,,-0.8883415088057518,,0.13353372947312891,,0.13252926338464022,-0.10740287230873946,-0.9574904795736074,,,-0.03054078295826912,-0.9530200390145183,-0.3664056770503521,-0.5558540091151372,0.09568026149645448,-0.01570778526365757,,0.19607307761907578,0.05462154373526573,0.05495232002188762,,
52,2017-03-15,0.01946481689810753,,0.3394254520535469,-0.16799227567389607,,-0.5954630672931671,,,0.004764977842569351,,-0.28862949553877115,0.0858152536675334,,0.08346716687083244,0.028312517068115994,-0.9282799065113068,,-0.039123181253671646,,-0.9636893270071596,,-0.3622619276866317,0.8271880876272917,,0.8086987659335136,0.4409477896988392,,0.34388888409982127,,0.740276905708015
53,2017-03-16,,,,-0.008021256886422634,0.031934347935020924,0.422466903924942,0.02569135231897235,-0.32810086058452725,-0.12575750052928925,-0.9300723765045404,-0.4640098065137863,0.21801601070910692,0.036100959405303,0.16300532175228,-0.038920842784656476,,,0.0008132277677456538,-0.1390754971653223,-0.9632923854514956,,-0.7939218082465231,0.4214159594848752,,0.04237201577052474,0.08001527935266495,,0.05921406298875809,0.17777118618999208,0.5840742457658052
54,2017-03-17,,0.24714853102341294,-0.15403343113139273,,,-0.5033857170492411,,,,,-0.5615566181950271,-0.34637821838259697,0.04096244182437658,,-0.1982201196718961,,,0.12303478053460519,0.3054175451397896,-0.9564568102359772,,-0.8606910358648747,,-9.256787598133087e-05,-0.8108909947331995,,-0.06910216365940869,,0.8077562637627125,
55,2017-03-20,-0.018362820769349735,0.36958959698677063,,-0.3048987922569116,0.09186649415642023,0.5226819254457951,,-0.18851647526025772,,,,-0.2165209762752056,,,0.20712545440619579,,-0.18130827074249586,0.09467896092683077,-0.24031105381436646,,,-0.6724135871976614,,,,-0.18795521774639687,-0.12813563381011286,,-0.8842868022620678,
56,2017-03-21,0.039394499734044075,0.20530711207538843,,,0.11104810955002904,,,,,-4.0858983993530273e-05,,-0.31176652130670846,0.08336646668612957,,-0.11798607759798567,-0.025226935744285583,,,,,,-0.8977375589311123,0.5151852248236537,,0.598111554980278,,,0.3121570139192045,,
57,2017-03-22,,0.07822207640856504,,,,,,,,,-0.6185858156532049,-0.047486113384366035,0.0277835289016366,0.011933259665966034,-0.4033943968825042,,,-0.16209769994020462,,-0.9540963327162899,,-0.5948718369472772,-0.9213633667677641,,,,0.02959790639579296,0.4577489315221707,,
58,2017-03-23,0.077140422227482,0.04683690145611763,,,,,,,,-0.6007675062865019,,-0.1410645299280683,0.3404559320770204,0.0790247991681099,0.14066125294775703,,-0.4554965947754681,,-0.8863902799785137,-0.9148221318610013,,-0.1608599735579143,0.9196024257689714,,-0.07825057441368699,,,0.81159074511379,,
59,2017-03-24,0.0542156791780144,,,,,-0.043932363390922546,,,,,-0.06958569586277008,0.19129291083663702,,,0.08780915911351754,,,,-0.92818289459683,0.6936898492276669,,-0.7326406529173255,0.44559402763843536,,,,,0.135032580466941,0.9230076242238283,0.5617725625634193
60,2017-03-27,0.18679040049513182,,,-0.9275821410119534,0.10214082879247144,-0.8176667261868715,,,-0.6006411164999008,,,,0.045391510240733624,0.07528589898720384,-0.06646540365181863,,-0.6772738839499652,0.14343194710090756,-0.8492313595488667,-0.9619982205331326,,-0.7895557326264679,0.7337453719228506,0.10981241489450137,,0.013869921676814556,0.09024415956810117,0.2005109852179885,-0.8603590801358223,0.29091216437518597
61,2017-03-28,0.03409605845808983,0.16972780786454678,0.30788323283195496,,,,0.04900635406374931,,0.02909400500357151,-0.9384030885994434,,-0.08762427140027285,0.10647451598197222,,0.05720715725328773,-0.015926552237942815,,,,0.763266246765852,,0.07886872813105583,,,,,-0.024962463416159153,0.18071183748543262,-0.851376611739397,0.14680227218195796
62,2017-03-29,,,-0.4773827544413507,,,-0.2858249843120575,0.06183379888534546,,,-0.9298497140407562,,-0.40897952020168304,-0.009196024388074875,,0.08451408547989558,,-0.3113560875256856,0.40359496884047985,-0.7712602503597736,-0.1599455215036869,,-0.8818190707825124,0.2772082956507802,0.018656564876437187,-0.06806457368656993,,0.02629214432090521,0.1678026574663818,,
63,2017-03-30,0.08458907052408904,,0.9186594896018505,-0.37008699029684067,-0.06731244269758463,,,,,,,-0.01222708448767662,0.045963600277900696,,0.09938387679867447,0.5914321653544903,-0.6226593106985092,,,-0.9488916429691017,,-0.6526985921276113,0.07456680340692401,0.020004748832434416,-0.9536417401395738,,-0.016245407052338123,0.25027216753611964,,0.2772417003288865
64,2017-03-31,0.040385033935308456,0.8377474802546203,-0.1094556525349617,-0.4849844742566347,0.14673056127503514,0.08522890508174896,,,-0.029747579246759415,,,-0.2589808114571497,0.02995472587645054,0.020240236073732376,0.18122517509618774,,-0.8952322825789452,,-0.9129813136532903,-0.2243731990456581,,-0.4628544996958226,-0.9157225005328655,,-0.10285066813230515,0.17758791893720627,0.24317081086337566,0.7262697317637503,,
65,2017-04-03,-0.0275499323324766,0.1966182580217719,0.26557477936148643,,,-0.4726256625726819,,-0.5186726222746074,,,-0.5134399477392435,0.3061966598033905,,,0.19342001477101198,,0.1831824630498886,0.006951929070055485,,,,-0.9186329620424658,-0.26150187694778043,,-0.6591697409749031,0.3053962402045727,-0.09093701187521219,0.08173548802733421,-0.3746530693024397,0.6159790484234691
66,2017-04-04,0.04462752677500248,0.11203957814723253,-0.6383223282173276,,0.10183542827144265,,,-0.31127449171617627,-0.003197837620973587,,,-0.303255851380527,0.05944583937525749,,0.14941523587913252,-0.07280070707201958,,-0.2965811397880316,-0.6584638748317957,-0.9620820097625256,,-0.2238209101681908,0.32114853834112483,,0.569125889800489,,-0.31348581798374653,,,
67,2017-04-05,,,,,,,,0.06761195790022612,,,,-0.6342834271490574,0.029119686223566532,0.22090817615389824,0.026338046591263264,-0.3772539533674717,,,0.10771565698087215,-0.8516874397173524,,,,-0.03292228886857629,-0.6797465232666582,0.026574697345495224,,0.24309806479141116,,
68,2017-04-06,-0.05458744429051876,0.02683713659644127,,-0.24621363822370768,0.02684828406199813,-0.11150990550716718,,-0.0011061681434512138,,,,-0.5180102773010731,0.04376183683052659,,-0.07496625059866346,-0.6207657605409622,-0.9406504314392805,-0.43899101205170155,-0.9425510065630078,-0.9511699476279318,,0.7094757153342167,,-0.0418343860656023,-0.02277491334825754,,,0.21384051302447915,,0.8993796808645129
69,2017-04-07,,0.02843884937465191,,,-0.3908421956002712,,,,,-0.8440848588943481,,-0.22909708111546934,0.04199599474668503,,-0.02824022843768554,-0.9546364862471819,0.23426355235278606,-0.07039988599717617,0.039004444144666195,-0.20014187693595886,,0.19938388373702765,,0.1308944057673216,-0.9396887454204261,0.39703643694519997,,0.5723376628011465,,
70,2017-04-10,-0.008180404081940651,0.47094380343332887,,,0.05049344850704074,0.22274988051503897,,0.01922803558409214,,,,0.14698296040296555,0.041330112144351006,,0.035984166024718434,,,,-0.46998303662985563,,,0.5082050077617168,,,0.049538128077983856,,-0.025828142029543717,0.09505609360833962,,0.43074312061071396
71,2017-04-11,0.18103443644940853,-0.18495606211945415,,,0.0300437081605196,-0.09221845865249634,0.020895574241876602,,,,,-0.10798300360329449,0.6277288002893329,,0.11940833799437517,-0.9596341121941805,,,,-0.962651957757771,,-0.5973562573393186,-0.9514438482001424,0.03618937265127897,-0.8699199017137289,,-0.03261465532705188,0.2616851036436856,0.07680713012814522,0.22675953432917595
72,2017-04-12,0.09902783599682152,0.08078641661753257,,,,-0.0006881896406412125,-0.008910930249840021,0.018924109172075987,,-0.960732389241457,,-0.7237238567322493,0.05927946791052818,0.01053987629711628,0.08706479642900046,,0.0016663409769535065,,,-0.9559612656012177,,-0.4806699192849919,,0.20522978249937296,,,-0.35591595678124577,0.11260178033262491,,
73,2017-04-13,,0.36585959838703275,,-0.5402411296963692,,-0.5424655051901937,0.035363659262657166,,-0.2852245643734932,-0.8804558073170483,,0.05368334520608187,0.05793105065822601,0.01978822611272335,0.05035305493012337,-0.963575622998178,,,,-0.9480655752122402,,-0.3426864743232727,0.47244276851415634,,,,,0.2669477543483178,,
74,2017-04-14,0.06093414546921849,,-0.07008594274520874,,,-0.5457033165730536,0.0253107783695062,,,-0.9469338394701481,,,,,-0.07031568302772939,,,,,-0.9665603339672089,-0.8176208883523941,,,,,,,,-0.3264044225215912,
75,2017-04-17,,,-0.9196226187050343,,,0.1473203118890524,,,,-0.9593669902533293,,-0.0717451635748148,,,-0.2632518808823079,,,-0.03447122871875763,,-0.9335214733146131,,-0.6115809786133468,,,-0.1930296813758711,-0.816730409860611,-0.2785727735608816,,0.11261743120849133,
76,2017-04-18,-0.5777689516544342,-0.2171197533607483,,,0.12517059687525034,0.16148778796195984,0.039206578861922026,,-0.1541161648929119,-0.5713966935873032,-0.14939426258206367,-0.349975377942125,,,0.04488011903595179,,,,,0.828061792999506,,-0.9464360132114962,-0.8552967198193073,0.17104545821036612,-0.9624710669741035,-0.12009629607200623,,0.21165568800643086,0.5755322724580765,0.0864782021380961
77,2017-04-19,0.005579814780503511,0.16973635740578175,,,,0.6582704782485962,0.03488477901555598,0.19861633330583572,-0.009523535147309303,-0.9524861825630069,,,,,0.08145934816760321,,,,-0.91070008976385,-0.9573479788377881,,-0.7854936815332622,,0.0450438242405653,-0.9205552809871733,,,0.32706864941865205,0.6622486636042595,
78,2017-04-20,,,,-0.3509775819256902,,-0.8591154576279223,0.039428376903136574,-0.07176535855978727,0.050996482372283936,,,0.641630838625133,,-0.008246351033449173,0.11824388226765829,,,,,-0.935786746442318,,-0.578267902135849,,-0.07307649869471788,-0.20631439983844757,,0.018420999869704247,0.12171934964135289,,
79,2017-04-21,0.049733418971300125,,,,,,0.030415356159210205,,,,,-0.028874891344457865,,,0.013371782409111884,,-0.9437634879723191,,-0.5504724076017737,0.5554523542523384,-0.702231602743268,-0.5459618461318314,,,-0.8557732980698347,,,0.2370281065814197,,
80,2017-04-24,,,,-0.18439638148993254,0.10222165985032916,,,,,-0.9519430249929428,-0.23030177503824234,0.29931235779076815,0.022592751309275627,0.019530557096004486,-0.16231040658506876,,,,-0.9406353272497654,,,-0.6858224032136301,-0.8816994614899158,,,0.010713353753089905,,0.143638436216861,,
81,2017-04-25,,,0.3167116430898507,-0.15105009730905294,,,0.07314059883356094,,0.021352458745241165,-0.8683766983449459,-0.05225143954157829,-0.051089521031826735,,-0.8436491638422012,-0.2874238380463794,,,,,0.9163602497428656,,-0.6395330973900855,0.9336199015378952,,0.01520184613764286,,,0.32991520082578063,,
82,2017-04-26,,0.5618217187002301,-0.2234208039008081,,-0.1764657236635685,-0.9494443398434669,,,,,,0.26321094296872616,0.02997231638679902,,0.04458810336655006,,,,0.10301604866981506,0.8990695457905531,,-0.9523143265396357,,,-0.9512919072682658,,,0.20392697816714644,,
83,2017-04-27,,0.027823441196233034,,,0.016224294900894165,,,,0.0028803423047065735,-0.2819351255893707,,-0.3840039577335119,0.028909683227539062,0.10274714231491089,-0.045365776401013136,-0.9235276822000742,-0.36192523827776313,,-0.9295562149491161,,,-0.9602452679537237,,0.09509212523698807,-0.9566918180789798,,-0.008366644382476807,0.19625338818877935,-0.6765831510419957,
84,2017-04-28,,,0.06769642233848572,,,,,,0.026362542062997818,,,,0.04408910498023033,,0.26085909517548445,-0.09131282940506935,-0.9372778031975031,,-0.9434048561379313,-0.620366581948474,,-0.5462128150587281,0.9326448943465948,,0.48979927599430084,,,0.3001646585762501,-0.7034169733524323,
85,2017-05-01,,,,,,,,,,-0.9624443463981152,,,,,0.1995872490806505,,,,,-0.021570903714746237,,-0.6249149676101903,-0.25188194199775654,,-0.4352206736803055,0.05479392595589161,0.013039021752774715,,,0.06634838320314884
86,2017-05-02,,0.12754257768392563,0.2949768928810954,0.0814437111839652,,0.5405206233263016,0.09334300582607587,0.010861456394195557,0.1530509516596794,-0.5054783225059509,,-0.0060086593342324095,0.02164630126208067,,0.08245458698365837,,,,,-0.711461653932929,,-0.9593472736887634,-0.06239291768082801,0.0995971851516515,,,-0.004333286080509424,0.23660898581147194,,
87,2017-05-03,-0.44973054341971874,,,,,,0.04604863002896309,0.08641306241042912,,,-0.48021988198161125,-0.13140240660868585,,,0.03567436616867781,-0.9607644081115723,,,-0.950134149286896,,,-0.9442220122242967,-0.48394510146075237,0.030591767746955156,-0.9642057393211871,,,-0.07544746808707714,-0.8857327867299318,
88,2017-05-04,,,,,,,0.047436412423849106,,-0.3258209377527237,,,-0.2896714541129768,,,0.009287165943533182,0.4432162567973137,,,,,-0.7104513118974864,-0.8544104843555639,0.25573769956827164,,-0.9625774524174631,,-0.016768286004662514,0.3536893231794238,0.5337302535772324,
89,2017-05-05,0.042088450863957405,,,,0.015837451132635277,0.17236097995191813,,-0.028802992776036263,,-0.05684436298906803,,0.09125516563653946,0.044448286294937134,,0.14030073443427682,,,,-0.18826179578900337,,,-0.7799016974555949,,,,-0.3382132165133953,-0.06190202012658119,0.15404302324168384,-0.44291106052696705,0.05191611126065254
90,2017-05-08,,0.10757482424378395,,,0.0860715142916888,0.5004573630867526,,,,,,,0.022443827241659164,0.038822537288069725,-0.0043388256930153475,,,,-0.14724531769752502,0.275243179872632,,-0.3291847041497628,0.16864629689371213,-0.12172210426069796,,-0.027810459956526756,,0.2750515292864293,,
91,2017-05-09,,0.03276230301707983,,,-0.40411268663592637,,0.03967469930648804,,,,-0.5956917116418481,-0.36071340274065733,0.03730018809437752,,0.19370667771565625,0.035184304850796856,0.30913001392036676,,-0.04100844357162714,0.9222682360559702,,-0.503647135104984,0.13738626117507616,0.5145169389434159,-0.9607298718765378,-0.1713733971118927,-0.07513746805489063,0.11508154030889273,,0.08384216390550137
92,2017-05-10,0.03277608938515186,,-0.23973209597170353,,0.17227736860513687,-0.4476832307409495,0.02794574946165085,,-0.5493414998054504,,,-0.16211864189244807,0.05938593065366149,,0.035673603386385366,-0.5096021227072924,,,0.012753693386912346,,-0.3938470697030425,-0.4199440077257653,0.8001640364527702,-0.013559268787503242,-0.9560736743733287,0.21384025365114212,0.04695194587111473,0.04733140580356121,-0.07885927241295576,0.6634923964738846
93,2017-05-11,,0.04199019633233547,0.020824570208787918,,,,0.08392445393837988,,-0.026131998747587204,-0.9374465458095074,-0.2516482607461512,-0.12139201164245605,,0.04318532720208168,0.009343892297086617,-0.9598781624808908,,,,-0.332898773252964,,-0.683676165373375,,0.02946381364017725,-0.9588217623531818,,-0.022520243811110657,0.10487733936558168,0.9286718275398016,0.5767172486521304
94,2017-05-12,,0.0731656551361084,,,0.011736042331904173,,0.043073009699583054,0.050758831202983856,-0.04819503426551819,,,-0.013752646977081895,0.01733012218028307,,-0.0965656984416354,,,,,-0.9513647463172674,,,0.24183712806552649,,-0.9540049787610769,,0.5105883609503508,0.22857731314642088,0.08062113169580698,
95,2017-05-15,,0.00017582252621650696,,-0.4041084526106715,,-0.7290708911605179,0.03927625686628744,,0.09640071913599968,-0.9484512861818075,-0.7234829114750028,0.14356337627395988,0.04095954308286309,,0.21565368337905966,,,,0.022169589065015316,-0.6273936410434544,,0.0017187583725899458,,0.022804283071309328,,0.02690294198691845,0.22843186929821968,0.030511947348713875,-0.39817057084292173,0.13429266586899757
96,2017-05-16,,-0.23145844228565693,,-0.39396714977920055,,,0.008291059173643589,,0.056902747601270676,,,,0.04016198652486006,,0.18666013417532668,-0.9639921868219972,,,,0.8493397980928421,-0.8848779085092247,0.024260920053347946,-0.2797028720378876,,0.10492813587188721,0.05060548335313797,,0.13501040637493134,,
97,2017-05-17,,0.5515274372883141,,-0.8068717364221811,,,0.09346273308619857,,,,,-0.24601454194635153,0.03529636965443691,,0.2141768194269389,-0.17303439788520336,,,,-0.9608246048446745,,-0.5456872606383902,0.4918254315853119,-0.02474299306049943,-0.960245274938643,,0.14750899840146303,0.3637207970023155,,0.05694616958498955
98,2017-05-18,,0.6642519421875477,,-0.05470757558941841,,-0.5052383467555046,0.07397328340448439,,,-0.9171209745109081,-0.47819643188267946,-0.016704379580914974,,,-0.06738102526022968,,0.21298344930013022,,,-0.9487653232645243,,-0.4312525350600481,,-0.04094311222434044,-0.9222228350117803,,,0.06198844748238722,,0.6342284884303808
99,2017-05-19,0.04268440417945385,,,,-0.0670872014015913,-0.09964863397181034,-0.12282222509384155,,,0.5687786787748337,-0.2990276515483856,0.2762393788434565,,0.03307201527059078,0.022185405291384085,,,,-0.225852289237082,,,0.05272938720881939,-0.595593087375164,,,0.11353587359189987,0.2821838604286313,,,
100,2017-05-22,,,,,0.10083270911127329,-0.1531563533935696,0.055757261463440955,,-0.6532038189470768,-0.5595063976943493,-0.45761485397815704,,,,0.11441174931436156,,,,0.06569181382656097,0.1611755881458521,,0.469151113803188,,-0.024131021928042173,,0.10355159733444452,-0.1326084854081273,0.35727725690230727,,
101,2017-05-23,,,,-0.11390462424606085,-0.37196683790534735,,,,,,-0.11635506339371204,,,,-0.01724409093731083,0.15073126647621393,0.3680102825164795,,-0.03342379815876484,-0.9582147637847811,-0.9276067623868585,-0.15542801143601537,0.9346348885446787,0.017965047620236874,-0.2246289987815544,,-0.22368810015420118,0.08181144949048758,,0.050624772906303406
102,2017-05-24,0.015453077852725983,-0.19074714928865433,,-0.20979054365307093,,0.12284056097269058,0.07082310318946838,,0.01140514388680458,,-0.55692147789523,,0.03311939102907976,,-0.014634568938233245,,-0.21657959651201963,,-0.7799722398631275,0.5307656959630549,,-0.13278042536694556,,,-0.9671191088855267,-0.12677795129517713,,0.41731245660533506,,0.14750196412205696
103,2017-05-25,0.01397233922034502,0.06637864001095295,,,,-0.6712264423258603,,,,,,,0.043953580781817436,,0.013513931729407474,,,,,0.8292158991098404,,-0.8879344072192907,,0.10324251838028431,-0.5530882035382092,-0.24835704965516925,-0.8018133342266083,0.29532363669325906,-0.2403489276766777,0.08987703453749418
104,2017-05-26,0.020184790715575218,,-0.942665287759155,,,,,0.03790683671832085,,-0.850698672235012,,,,,-0.02766832272754982,-0.9538628768641502,0.22497500129975379,,,-0.9654029104858637,,-0.8766678406856954,,,-0.35530377784743905,-0.2983698099851608,,0.14335046242922544,,0.046779073774814606
105,2017-05-29,0.12102590966969728,0.33530230866745114,,,,,,,,,,,,,0.014111812226474285,,,,,,,-0.5256103680779537,,,,-0.05024621672928333,,0.23525510200609764,,
106,2017-05-30,,,,,0.07049128133803606,0.5909796133637428,0.022413994185626507,-0.06667414773255587,-0.8409278690814972,-0.011620253324508667,-0.538642104404668,-0.5054563079029322,,,0.11473254091106355,-0.9554477447333435,0.03734920173883438,,,-0.9317082818597555,,-0.11033782607410103,,,-0.9465479403734207,-0.06920423669119675,,,,0.4762004092335701
107,2017-05-31,-0.053229231387376785,,,0.02907681278884411,0.03696530684828758,-0.6224318668246269,,,-0.9288502372801304,,-0.6496416050940752,0.08838512189686298,0.03893657370160023,0.00023108720779418945,-0.07484996337942514,-0.29841500893235207,,,-0.20133979665115476,-0.9533866751007736,,-0.8509289813227952,,,-0.9660464753396809,0.0035950616002082825,0.029215145856142044,0.20662872198348245,,0.13154810294508934
108,2017-06-01,0.01918550270299117,,,0.0001788309309631586,-0.3826381117105484,,0.022806662988538545,-0.040084739215672016,0.884882241487503,0.5459567084908485,-0.1732669286429882,,0.016003936529159546,,0.026080216746777296,0.10579123068600893,-0.39585448428988457,,,,,-0.5580605008872226,,,,-0.020677484571933746,,0.23615379445254803,0.45949668856337667,0.34970838762819767
109,2017-06-02,,,,,,-0.22038969304412603,,,-0.018061086535453796,,,-0.47295460919849575,,-0.07592504657804966,-0.08826253860553895,,,,-0.49486818940689165,0.1800527225714177,,-0.9307544470454255,,,,-0.13133110400910178,-0.1967333508655429,0.2064706375822425,,0.6578246410936117
110,2017-06-05,,0.07893900386989117,,,,,,,,-0.9292936623096466,,-0.3079751078039408,0.005557678639888763,0.07170003559440374,-0.046196077472995964,-0.9456478441134095,-0.21793750720098615,,-0.9576576938852668,-0.813463307529067,,-0.804639654350467,-0.5887125991284847,,,-0.1603310473728925,,0.23387097815672556,,
111,2017-06-06,,,,,,,,-0.10861500725150108,,,-0.07383403182029724,-0.5092739626998082,,,-0.11786925057822373,,,,,-0.9625248052179813,,-0.8288108228395382,-0.15780292823910713,0.04412770224735141,-0.31123150512576103,0.0078318752348423,-0.8531384291127324,0.7092508357018232,,0.39277256187051535
112,2017-06-07,,0.0299375019967556,,-0.4827472912147641,0.07601558975875378,,0.1902531860396266,,-0.5626932717859745,-0.8138123005628586,,-0.057523969328030944,0.03123208259542783,,-0.2083041496904722,0.26379644870758057,,,,-0.9576478200033307,,-0.9470503559336066,0.6597369583323598,,,-0.3316001308017543,-0.04022872867062688,0.5695989704690874,-0.9509943537414074,0.28766134784867364
113,2017-06-08,0.07726171100512147,,,,-0.025746331731271412,,,,,,-0.22490663034841418,0.003406764008104801,,,0.04639204383308355,,-0.14960780926048756,,-0.206733837723732,-0.9482581322081387,,-0.8176729590632021,-0.9433977156877518,,0.05293472483754158,-0.38881105463951826,-0.01004157525797685,0.1991674161205689,0.008921485394239426,
114,2017-06-09,0.08887380873784423,0.14019431732594967,,,,,,-0.0020616166293621063,0.0026381853967905045,,,-0.11641819573317964,0.09868151228874922,,0.10608519714442081,,,,-0.5811672247946262,-0.49479066487401724,,-0.7962566162459552,,,0.35964139085263014,-0.2182573527097702,,0.04650961980223656,,
115,2017-06-12,0.03674896480515599,0.14470912795513868,,,0.1654552584514022,0.4194883545860648,,,-0.7277337871491909,,,-0.2106573610411336,0.047918376978486776,,-0.05256193105430741,-0.8977032654608289,-0.32758482452481985,,,-0.9510655235499144,,-0.33141397684812546,-0.8788209003396332,,-0.39849477098323405,-0.06725891306996346,0.05931141972541809,,,0.12972321081906557
116,2017-06-13,0.021204409655183554,,,0.032849252223968506,,,,,-0.010754019021987915,,-0.635273065418005,0.1457865315799912,,0.009708779864013195,0.03896450912579894,,,,-0.040981799364089966,,,-0.44931824210410315,,0.027975160938998062,-0.9534008493646979,0.03852797672152519,,0.31567842345684766,,0.48884360399097204
117,2017-06-14,,0.015498174354434013,,,,-0.8569053448736668,,,,-0.9431427465751767,-0.055906642228364944,-0.09090819652192295,-0.7422298472374678,,-0.12421169469598681,,0.09493395034223795,,-0.31090581184253097,,-0.3271394371986389,-0.9157355510396883,-0.35205405950546265,-0.017725592479109764,-0.9559158128686249,-0.4348193518817425,-0.05616719430933396,0.14051128085702658,,0.12220504926517606
118,2017-06-15,-0.4159142021089792,,,-0.46882463060319424,0.001499183475971222,,0.03966885129921138,-0.37343090027570724,,,-0.27505841106176376,-0.5402955668978393,,,0.10293174806671838,,0.15293256053701043,,,-0.9429597114212811,,-0.9591962830163538,-0.7483482126845047,,,-0.5106603018939495,-0.5612392922242483,0.25082656228914857,-0.47794381994754076,0.5152920996770263
119,2017-06-16,,,,-0.34264078705261153,0.05030238628387451,,0.1629590466618538,,,,,-0.1528827192960307,0.04504350759088993,,0.03056805358210113,,-0.0232902392745018,,-0.34182590804994106,-0.4238360929302871,,-0.8655062201432884,,,-0.8137883869931102,,,0.4581266101449728,,
120,2017-06-19,-0.04106415156275034,0.03054518811404705,-0.9561237310990691,-0.5972244092263281,0.23353576939553022,-0.5575905777513981,,-0.7659910172224045,,,-0.1381298415362835,0.23837006511166692,0.05944907727340857,,-0.03639844881836325,,,,,-0.6439861003309488,,,,,,-0.07013065367937088,,0.2888422287069261,,0.3414942091330886
121,2017-06-20,-0.09149955725297332,0.04845748655498028,-0.8361143181100488,-0.035602996475063264,,,,,-0.7584263160824776,,,-0.3707023044116795,0.04947237018495798,0.004156953655183315,-0.13268247676023748,-0.12008761521428823,,,-0.2713179886341095,0.565062876790762,,-0.927199777714642,,0.05489293672144413,-0.9468536144122481,,-0.20179671421647072,,,0.3641443392261863
122,2017-06-21,,,,,,0.334328621160239,,,,0.6209498047828674,,0.11299270438030362,0.053119128259519734,0.5195324122905731,0.1734332955442369,-0.9239868922159076,0.4074075734242797,,-0.33304665827502805,-0.9605296235531569,,-0.8037892322754487,,-0.0006383135914802551,-0.040509630693122745,-0.21149075962603092,,0.1112205283716321,,0.4041254906915128
123,2017-06-22,0.03849641652777791,,,-0.3122048946097493,0.06648523174226284,,-0.05334904557093978,,,,,-0.08242897223681211,,,0.07490358103744009,,-0.12724468670785427,,-0.11024923855438828,-0.9603863533120602,,-0.7133878554838399,-0.34877623431384563,,0.8851915574632585,,-0.005631275164584319,0.1016863202676177,,
124,2017-06-23,-0.027523834258317947,,,0.05093728099018335,-0.011582497507333755,,,,0.03100256435573101,,,-0.07037018751725554,,,0.04696981703940158,,-0.9452316276729107,0.008520249277353287,-0.8324526973689595,,,-0.8180610052775592,,,-0.31161391362547874,0.07161865383386612,-0.012324493378400803,0.3907976713962853,,
125,2017-06-26,,0.06622971314936876,,,0.09605286829173565,,0.06949764210730791,,,-0.9515188485383987,,-0.21657665027305484,0.029103923588991165,,0.04383425567066297,0.23071377631276846,,,,,,-0.5724627447780222,,0.06622635945677757,-0.9583819098770618,0.04946459028869867,-0.161937371827662,0.05799639644101262,,
126,2017-06-27,,,,,-0.4568275809288025,-0.904135812073946,,,,-0.4736781120300293,,-0.040461028227582574,0.1882666782476008,,-0.10735120058234315,,-0.9184981808066368,,,-0.4122709333896637,,-0.6933671462660035,,0.015197917819023132,-0.9503002767451108,-0.23245141624162594,,-0.0054158646613359455,,
127,2017-06-28,,0.3243555040098727,,0.03039984032511711,,,0.030133633059449494,,-0.3000212460756302,,,-0.02504504972603172,0.04677927680313587,,-0.08072778276659341,-0.9109176252968609,-0.2561858221888542,,-0.9639657791703939,-0.9173739235848188,,-0.6981960006523877,,0.07252740859985352,0.008881521644070745,-0.025973651558160782,0.10800609923899174,0.17647669153908888,,0.22083814162760973
128,2017-06-29,,0.052788877549270787,,-0.5475609889253974,,,,,,,,-0.0717451635748148,,-0.5011495619546622,-0.05257575664048394,,-0.6517661074176431,,-0.06851439317688346,0.1248471640671293,,-0.7288886064197868,0.7877191714942455,,-0.9473578897304833,-0.11688547395169735,-0.07794830482453108,0.11981416726484895,,0.08124924916774035
129,2017-06-30,,0.37739535700529814,,0.2823223527520895,,0.8367717452347279,,,,-0.9141234010457993,-0.10187033610418439,,,0.022464826703071594,0.16580934600400118,-0.9228483317419887,-0.9310076897963881,,,-0.7357659465633333,,-0.09048084327951074,-0.8276826478540897,0.010927075520157814,-0.9648821335285902,-0.003470528870820999,,0.05239189509302378,,0.13079704623669386
130,2017-07-03,,0.7341652102768421,,,,,0.04160789703018963,0.5156838530674577,,-0.5245464891195297,,,,,-0.037772871587159376,,-0.7184272396067778,,-0.029241434298455715,,,-0.8977189109039804,,,,-0.009344889363273979,,0.3375176906120032,,0.026984941214323044
131,2017-07-04,,,,-0.7068734451507529,,,,-0.00408119335770607,,-0.7306851521134377,,,,,0.16103357358369977,-0.25196475768461823,,,-0.9521151906810701,-0.9669495606794953,-0.1990425381809473,-0.4083712345454842,-0.7601490621455014,,-0.9143123326357454,-0.22689007070254197,-0.21628659311681986,0.06478944444097579,,
132,2017-07-05,-0.2764114234596491,0.0327704967930913,,-0.815997845493257,,,,,,-0.04610698763281107,,-0.13951645069755614,,,0.040004077716730535,,-0.3560615382157266,,0.8090445958077908,0.13084123050794005,,-0.893377808543543,-0.03857108950614929,,-0.5291089819511399,0.08903119107708335,,0.04151525814086199,,0.6309598619118333
133,2017-07-06,0.24606140912510455,,-0.8450601324439049,,,,,,-0.8167811390012503,0.01600656285881996,,,,,0.0562793411857759,-0.9062073247041553,,,-0.025014237500727177,0.6287892758846283,-0.3774665405508131,-0.707502083076785,,,,0.04405540321022272,-0.41238836012780666,-0.07301635419329007,,0.737768423743546
134,2017-07-07,,0.07055990817025304,,,,,0.07668468658812344,,0.012494498863816261,-0.3611207674257457,,0.29956817999482155,,,-0.013221187196904793,,,,-0.7616410569753498,-0.92785185854882,,-0.4445791713660583,-0.49648189963772893,0.045420823618769646,,-0.11699321935884655,,0.16895206738263369,,
135,2017-07-10,,,-0.286121629178524,,-0.1085692853666842,,,0.48895521415397525,0.18707462958991528,,,,-0.014039326459169388,,0.04155886883381754,,,,,-0.00019251275807619095,,-0.3065622029826045,,0.22839685482904315,0.4133119583129883,-0.12111991647786151,-0.18777142511680722,0.5719734411686659,,0.4632220969845851
136,2017-07-11,0.2276160279288888,,,-0.04550794139504433,,,0.01705409213900566,,,0.699270810931921,-0.37343068048357964,,,0.06143884488847107,-0.13244575018761678,-0.9248135811649263,,0.3452229048125446,-0.9620138769969344,0.23864119546487927,-0.7251935061067343,-0.90524085983634,-0.8107408932410181,0.09706152020953596,-0.9625938283279538,-0.06394992023706436,,0.14260430075228214,,0.5488307010382414
137,2017-07-12,,,0.02562742680311203,,,,0.04450738895684481,,,-0.3332089567556977,-0.503218911588192,0.2682338496670127,,,0.09879468030994758,-0.1885416298173368,,,,-0.9530142713338137,,-0.8383983159437776,-0.7913500498980284,0.05272372718900442,0.9185060784220695,-0.021975090727210045,,0.48555990029126406,,0.19010324776172638
138,2017-07-13,0.006442197365686297,,,-0.5495802344133457,,,0.04020461719483137,-0.011471232399344444,,,-0.5774510242044926,-0.23163122171536088,,,0.027313478209543975,0.8172912076115608,-0.9555240875730912,,-0.6480534952133894,,,,,,-0.8544735936447978,-0.019851819146424532,0.0014861966483294964,0.28092019104709226,,0.15078474441543221
139,2017-07-14,,0.01600344106554985,,-0.025295797735452652,-0.12122507113963366,-0.9490748280659318,0.0010002370302875836,0.019289703632239252,-0.003278043121099472,,,-0.3079751078039408,,,0.2372697373567563,-0.6416344726458192,,,,,,-0.8274445307130615,,0.06102463009301573,0.6364399567246437,-0.16049145173747092,-0.32381619699299335,0.24565028585493565,,0.007957294583320618
140,2017-07-17,0.11194551130756736,,,-0.7166200093924999,,0.5715584146479765,0.0153500996530056,,-0.9446564465761185,,-0.5840271189808846,0.25940575435136753,,,-0.010142288650968112,0.008843552321195602,,,0.20508455112576485,,,-0.42666947841644287,,,,0.21765621937811375,,0.12925819586962461,,0.3756415513344109
141,2017-07-18,-0.018905979581177235,,-0.7316202697499344,,-0.027119861915707588,-0.8888855730183423,,,0.030506273731589317,,,-0.11287438799627125,0.05079093109816313,,0.16778341066092253,-0.9535115603357553,,,-0.9565845252946019,-0.9559448659420013,,-0.7225527316331863,,,-0.8994447137229145,,0.2670968542806804,0.1013931417837739,,
142,2017-07-19,0.008287085220217705,0.04414624813944101,-0.9273380258431038,,0.22323485533706844,0.03041510097682476,,,-0.47421713918447495,-0.8148692548274994,,0.0019229697063565254,0.05799645371735096,,-0.04986431968864054,0.8904542066156864,,,,-0.6802268428727984,,-0.5810847053769976,0.18059822916984558,0.48687918670475483,0.5404841690324247,,-0.1463914350606501,,,0.1496418952010572
143,2017-07-20,0.06012200145050883,,-0.9104387980575362,-0.2185600008815527,0.10693337023258209,,,,-0.025227747857570648,,,-0.5128692538710311,,,-0.07959841212141328,-0.9177232142537832,-0.07379160315031186,,,0.7219725847244263,,-0.9358147084712982,,0.26384689193218946,,,-0.030749555211514235,0.09612694522365928,-0.9536222552414984,0.1167885394146045
144,2017-07-21,-0.35350655391812325,,,,,,,,-0.004143640398979187,-0.7430048361420631,,-0.21657665027305484,,,0.1852490675995465,-0.9419414717704058,,,-0.015562946908175945,0.6330013070255518,,-0.4692090482567437,,,-0.9258877248503268,,,0.5104755203550061,,0.08692693058401346
145,2017-07-24,0.02452951669692993,0.07114638295024633,-0.916989396015803,,0.02387665119022131,,0.13681422593072057,,,,,-0.13316976558417082,,,0.10273863275263768,-0.846345825586468,,,-0.9599910299293697,-0.9585907473228872,,-0.6195893747111162,,0.11351313022896647,,-0.019834358245134354,-0.006472306791692972,0.12606660835444927,0.10681894545753796,0.07244637235999107
146,2017-07-25,,,-0.21608220669440925,,,,,,,,,-0.2871835408732295,0.0389845110476017,,0.3134993380517699,-0.323293612493823,,,,,,-0.687814818850408,0.8474363423883915,,,,,,,
147,2017-07-26,0.8003847058862448,0.033528489992022514,-0.9620693686107794,,,,0.00492391362786293,,,,-0.38505898136645555,0.3048485368490219,0.04501040419563651,-0.0016086623072624207,0.2713411981239915,0.023536715656518936,0.08524252154165879,,,0.44980042800307274,,-0.7071621113767227,0.09305472299456596,-0.06668677926063538,,-0.7217612210661173,0.05517665483057499,0.242326934201022,,
148,2017-07-27,,,,-0.3825743943452835,,,,,0.0039269160479307175,,-0.5785420909523964,-0.5193938286975026,,,0.049245526955928653,,-0.48142854889322606,,-0.21457749558612704,0.5059845000505447,,-0.2875552363693714,,0.031445213593542576,0.9095964170992374,,,0.3585423536133021,-0.15664590895175934,
149,2017-07-28,-0.14674290269613266,,,,,,,,-0.8114247601479292,,0.03577527590095997,-0.36504824133589864,,,0.24250013472046703,-0.7637239559553564,,,-0.9593373318202794,-0.9543562992475927,,-0.2687204641290009,-0.737670449540019,0.06032893108204007,,,,0.1271182808559388,,
150,2017-07-31,,,-0.9428287108894438,0.05300036584958434,,-0.4462662022560835,,0.005560539662837982,-0.012718483805656433,-0.6606554789468646,,-0.3930859621614218,0.05180549155920744,,0.13782388767867815,,,,,-0.616201049182564,-0.3533420320600271,-0.05191823607310653,-0.7463441373159488,0.050572277046740055,0.02704944903962314,,-0.4977483544498682,-0.8809174010530114,,
151,2017-08-01,-0.002251405268907547,,,,0.15131200477480888,0.6992864087224007,,,,,,-0.2725594495423138,0.030413493514060974,,0.024538461613701656,0.19543341593816876,,,0.8657320439815521,0.09328000899404287,,-0.7275286561343819,0.23344660012728788,,,,,0.4051052164286375,0.03995141386985779,
152,2017-08-02,,0.125281167216599,,-0.1338622784242034,0.02428380275766055,-0.8933410895988345,,,0.14024480432271957,,-0.6338366756681353,-0.25293561222497374,,,-0.05512800387805328,,-0.7166975066065788,,-0.5236537309829146,0.009804079309105873,,-0.21852270824213824,0.8057626135802517,-0.5006041452288628,-0.7961997017264366,-0.2471475750207901,-0.02376484707929194,0.3090281360782683,,0.14486985808859268
153,2017-08-03,,,,-0.14426983520388603,,,,0.006169348955154419,-0.8857701634988189,,,0.06888523523230106,,,0.10625596774376131,-0.8996397180793186,,,0.7381347008049488,-0.9534738105721772,-0.785942891612649,-0.27601032331585884,-0.47307402555209893,0.17251823469996452,-0.18514446541666985,-0.6352343056350946,0.05054751131683588,0.16114758513867855,,0.1819231049157679
154,2017-08-04,0.00033869966864585876,,,,-0.43902128422632813,,,,,,,-0.04949318881457051,0.03359159827232361,0.0669420553992192,-0.12184126657666638,,-0.9386477954685688,,-0.06083195051178336,-0.015032293042168021,-0.5603218969578544,-0.546150179207325,0.6042435448616743,-0.16806843783706427,0.012775075156241655,,-0.6249492517672479,0.09772537555545568,,0.7092710444703698
155,2017-08-07,0.008171437308192253,0.12225344032049179,,,,-0.463348678778857,,,,,0.00603986531496048,0.07096312195062637,,0.04025596007704735,-0.02944446188242485,,-0.9522545700892806,,-0.06580822728574276,0.8887759316712618,,-0.8550436240620911,0.12961668008938432,,,0.18754540290683508,-0.6557326996698976,0.32804771419614553,,
156,2017-08-08,0.02167740184813738,,,-0.22407433949410915,,,,,-0.5495924577116966,-0.26276806912695366,,-0.23844544403254986,0.09200877882540226,,0.0006210333900526166,-0.07335235038772225,,,,-0.8693047277629375,,-0.8812528811395168,-0.4220377206802368,-0.29466659715399146,-0.7660202640108764,,,0.33733342424966395,-0.7365854755043983,
157,2017-08-09,,,,,,,,,,,-0.7325501721352339,-0.15116290018583337,0.029224370140582323,,0.13879296227823942,-0.9450135212391615,,,-0.9592416100203991,-0.9479013965465128,,-0.7620343638584017,-0.06464589387178421,-0.49516626819968224,,-0.004096724092960358,,0.21876027714461088,,0.010044483467936516
158,2017-08-10,,0.21158300153911114,-0.9633400569049021,-0.3475828072987497,,,,,-0.548762546852231,-0.921954371035099,-0.2816921267658472,-0.30321493837982416,0.02141244647403558,,0.0027767590169484415,-0.03667630208656192,,,-0.22649633139371872,,,-0.720440024882555,,,,-0.27875566482543945,,,,
159,2017-08-11,,,,0.0347200483083725,,,0.05377219058573246,,-0.8340953532606363,,,,,,0.027905803775259603,-0.9560279664583504,-0.13330825977027416,,-0.9601131300441921,,,-0.8608633782714605,,0.12537829368375242,-0.9660165477544069,,,,,
160,2017-08-14,,,-0.07834450900554657,,-0.24006923753768206,,0.07247094437479973,-0.07456070557236671,-0.01815662533044815,,,-0.3477279357612133,0.03757920768111944,,0.19369020289741457,,,,0.49898085929453373,,,-0.6951886673923582,,,,-0.2515964200720191,,0.35924354071418446,,0.0562492860481143
161,2017-08-15,,,,,0.04781566187739372,,0.09636748628690839,,0.009366810321807861,0.3247584104537964,,-0.04680018421883384,0.04535245802253485,,-0.19592465591267683,-0.09848308702930808,0.11784501280635595,,,,,-0.5457047373056412,,0.12466328777372837,-0.9616430765017867,-0.6302893850952387,,,,0.27972224665184814
162,2017-08-16,,,0.1408491963520646,-0.1854788763448596,0.0896882675588131,,0.050689075083937496,,0.02450336143374443,,-0.34771952871233225,0.12931027775630355,,,0.2602542308547224,-0.2773022837936878,0.5542472612578422,,0.03225979581475258,,,-0.7589307756279595,,,-0.926361694931984,-0.294240003451705,,0.5174830773224434,,0.5930764004588127
163,2017-08-17,-0.017926601693034172,0.299103626050055,,,0.018740534782409668,0.06937361694872379,0.06061750603839755,,,,,-0.5061487961793318,,,0.11448226255985598,,,,,,,-0.8559887815887729,,,-0.012290703598409891,-0.12645477801561356,-0.05957145569846034,0.20615467661991715,,0.38104965444654226
164,2017-08-18,,0.09069993533194065,,,,-0.9555590143427253,0.04204024444334209,,,,,-0.3578995432083805,,,0.15879452817275055,,,,-0.959118140861392,-0.9546620855107903,-0.3953833803534508,-0.9495250633917749,,,-0.9458337342366576,,,,,0.05691889859735966
165,2017-08-21,,,,,,,,-0.07402025815099478,,-0.9500471148639917,,-0.4439748565200716,,,-0.1646437624835276,-0.020729415584355593,0.017782632261514664,,-0.9427136350423098,-0.9012822499498725,,-0.9644197460729629,,,-0.9541167337447405,0.11514097824692726,,0.4832872045226395,,
166,2017-08-22,-0.1777041181921959,,-0.9628851134330034,-0.4401487587019801,0.7157782316207886,,,0.0027816686779260635,0.04784438572824001,-0.6091009080410004,-0.580071471631527,-0.12868737863997617,,,0.062436152235022746,,,,,0.006303323432803154,,-0.9348264050204307,,-0.221197376648585,-0.40062277391552925,0.6122082304209471,,0.0419057821854949,,0.26958925897876423
167,2017-08-23,,,,,0.2513872371055186,,0.09665900771506131,0.0683856513351202,-0.0069105736911296844,,-0.8037024848163128,-0.22077567433007061,0.5042484467849135,0.13262539729475975,0.024318301439052448,-0.9055214114487171,,,-0.9566267402842641,,,,0.8930254299193621,0.032033612951636314,0.924943383783102,,0.05512748658657074,0.4653760055080056,,0.6125135151669383
168,2017-08-24,0.06902919989079237,0.02765147015452385,-0.16144078969955444,-0.5785201387479901,,,0.0402870224788785,-0.011300078593194485,-0.09693270549178123,-0.9443716704845428,,0.15501527301967144,,,0.3412922039361937,,,,-0.8289928333833814,-0.9594221664592624,-0.7111897617578506,-0.9510587868280709,,0.1376483552157879,,,0.02149920631200075,0.3881837213411927,,
169,2017-08-25,0.04591050650924444,0.030085721984505653,-0.9346004840917885,,,,0.03602590598165989,,-0.04620596952736378,-0.9321428276598454,,-0.3079751078039408,,,-0.01810080320574343,,,,-0.7007352123036981,0.26763150095939636,,-0.8054757674690336,,,-0.9500973089598119,0.013975303620100021,,0.08207959635183215,,0.37300910986959934
170,2017-08-28,,,,,0.05087616667151451,0.3836746532469988,0.001590421423316002,,,,,-0.055855973390862346,,,-0.016123066957031067,-0.9633956793695688,,,,-0.9579365244135261,,-0.5901640501106158,0.31417276221327484,0.09418049454689026,-0.9519399898126721,0.030225161463022232,,0.3356062318198383,,0.2213208102621138
171,2017-08-29,,,0.16549014579504728,-0.6690922367076079,,,,,,-0.9154567644000053,,-0.3867932192515582,,0.3190301600843668,-0.09417304800202449,,,,,-0.8670814100187272,,-0.6258452463895082,0.5239419788122177,0.10535002965480089,0.0889004492200911,0.042491402477025986,,0.14434211514890194,,0.23309193986157575
172,2017-08-30,0.0037056393921375275,,,-0.2594326105900109,-0.23093795077875257,-0.2762912684120238,0.020717735402286053,,0.03383931145071983,-0.8057198002934456,,0.1166231669485569,,0.2576906499452889,-0.12798725699540228,0.4299582839012146,,,-0.015001853927969933,,,-0.9638725155964494,0.3735701336991042,,0.3889771953690797,0.13218319416046143,,0.07655762881040573,,0.29086386784911156
173,2017-08-31,,0.16999871656298637,,-0.45226042065769434,,,0.05434992536902428,,-0.2034669816493988,,,,,,-0.29458247843043256,-0.958471454679966,-0.958927733823657,,,0.35681508015841246,,-0.701319785322994,0.83632517978549,,,-0.02192373313009739,,0.2174550578929484,,
174,2017-09-01,,0.04861188866198063,,,-0.09788132552057505,0.03419496864080429,0.029873404651880264,,,-0.8021689783781767,,-0.16221634903922677,,,-0.09710512890596874,,,0.03191857598721981,-0.9446273427456617,0.4279116988182068,,-0.6577847120352089,,-0.016922979499213398,-0.7690136646851897,0.043918113534649215,0.09642995335161686,,,
175,2017-09-04,,,,-0.6237157584400848,,,0.06689772848039865,,0.060972513630986214,-0.9589476212859154,,,,,-0.1234228172688745,,,-0.11012565565761179,-0.9514230340719223,-0.8895348294948539,-0.08691367134451866,-0.9324509411429366,,,,-0.10317444056272507,,0.269580430816859,,
176,2017-09-05,0.13430117769166827,0.07733735162764788,-0.7026768289506435,,0.15033821458928287,,,0.1139111053198576,-0.532102894037962,,,-0.34252617531456053,0.027139153331518173,,0.1716439806175633,0.5723969340324402,,0.04283675644546747,0.6838154494762421,-0.11197815369814634,-0.19501060089096428,-0.7014108470175415,0.1866679461672902,,-0.9561518621630967,,-0.2849625847302377,0.007850226014852524,,0.009725518524646759
177,2017-09-06,0.17061934294179082,,,,0.09683222672902048,-0.4202517746016383,0.02914696466177702,-0.7753922417759895,0.08359966985881329,-0.9623438911512494,,-0.0496431952342391,0.03362813126295805,,0.032122725196781436,-0.9216779882553965,,,,-0.9366820544625322,,-0.43321782094426453,0.0026682857424020767,0.49832727760076523,-0.8750229990109801,-0.03567078709602356,,0.047562967985868454,,
178,2017-09-07,,,0.2947603724896908,-0.5043179825879633,0.11309284158051014,,,-0.04240166209638119,,-0.9133963617496192,-0.5972536727786064,-0.12398694269359112,0.02565675415098667,-0.0341777338180691,-0.23900437096017413,,-0.19292417168617249,,-0.23844757676124573,,,-0.962446151766926,-0.6563202098477632,-0.1393096293322742,-0.782575138611719,-0.03962268866598606,0.036431596614420414,0.1613125124325355,,
179,2017-09-08,,,-0.5849235022906214,,0.042064838111400604,,,-0.005813442170619965,0.004764977842569351,,,-0.050001151859760284,0.02654941100627184,,-0.029318919836077838,-0.5021652029827237,,,-0.8502579029882327,-0.632643578418841,,-0.6651474760534862,-0.9605096410959959,,-0.9549978019203991,,,,-0.3809660100378096,0.03206326253712177
180,2017-09-11,,,,-0.46699928492307663,,,0.04002974973991513,0.01416870066896081,-0.1054814774543047,-0.8889667093753815,,0.04740383196622133,,,-0.0608631589760383,-0.6092649772763252,0.4998500421643257,-0.0648161037825048,0.28543615341186523,0.8174896016716957,,-0.5869992626830935,-0.17187081575393676,,0.004960872232913971,0.004379033297300339,,,,
181,2017-09-12,,0.9270193958655,,0.45112154074013233,,0.24963455833494663,,0.03227222462495168,0.014451052993535995,-0.9525919137522578,-0.7154465224593878,0.25866788951680064,,0.11766819073818624,-0.12671963562024757,-0.22435539960861206,,,-0.3120328476652503,,,-0.5628991142536203,0.0237319848542525,,,,-0.15927331778220832,0.10693921241909266,-0.5180424004793167,0.05036063678562641
182,2017-09-13,0.10329782124608755,-0.007981032133102417,,,,,0.0381503882817924,0.021023398265242577,0.09082675911486149,0.6459002941846848,-0.7984433108940721,0.14228412159718573,0.07357054390013218,0.03137548500671983,-0.2496864293643739,,0.06300544366240501,,,0.740228570997715,,-0.9063059687614441,-0.37347026515219894,,0.7347507243975997,-0.09429993946105242,,0.009782372042536736,,0.3391923202822606
183,2017-09-14,0.2352625448256731,0.06389060616493225,,,,0.017168446443974972,,-0.010597679764032364,-0.0829581767320633,,,-0.4798762520464758,0.03267352096736431,,-0.17387519302105325,,,,,0.9130773358047009,,-0.3574265061567227,0.030919943936169147,-0.1932403678074479,0.0662069208920002,,,,-0.044783204793930054,0.38345038549353677
184,2017-09-15,,0.000516136409714818,,,,-0.4622080773115158,0.17732944386079907,,,,,0.07684606779366732,0.028104820288717747,,0.046529031004935786,-0.4964834915008396,,,-0.957816589390859,-0.09463851619511843,,-0.22385195875540376,,,-0.955672662705183,-0.45371054112911224,,0.025179963372647763,,
185,2017-09-18,0.06454470753669739,,-0.8248722897842526,,,-0.836677591316402,0.04269099171506241,,,,-0.46936509385704994,,0.05752604641020298,,0.1905946081969887,,-0.27863247009615105,-0.010548143088817597,0.48749588057398796,,,-0.20588159561157227,,0.01767623471096158,0.2661143410950899,,-0.009588345885276794,0.18784877458321197,,
186,2017-09-19,0.1824778844602406,,,-0.2769044984597713,,,0.06975286267697811,-0.09971893904730678,0.012223489582538605,,,,,-0.3697632742114365,-0.07418595551280305,-0.10124513041228056,,,0.2265551332384348,0.7863404974341393,,,-0.7823619395494461,0.02771674655377865,0.8819378870539367,-0.05934882164001465,,0.4544774629175663,,0.13110756129026413
187,2017-09-20,0.06442918814718723,0.9232288245111704,-0.943784661591053,-0.33035535586532205,0.1341301715001464,,0.06081542605534196,,0.02553677186369896,,,,,-0.45479406744319323,0.06034421549702529,,0.13970063533633947,,-0.9173852833919227,,,-0.2888548020273447,,0.13404190121218562,,0.07811927795410156,,0.07740279706194997,,0.10783392619341611
188,2017-09-21,,,,,0.005789115093648434,,,-0.3025916976233323,0.009482480585575104,,-0.8001705044880509,-0.16734853852540255,0.08304543700069189,,0.07276145540111299,0.1508205512072891,0.10974175420900185,,,,,-0.35371868760557845,-0.8628843985497952,0.015816465951502323,,,-0.3553926609456539,0.1623921925202012,0.9000144973397255,0.12409401312470436
189,2017-09-22,0.03818105347454548,0.03506626561284065,-0.2356088493640224,,,-0.8219692930579185,0.03798403963446617,0.010161563381552696,,-0.9095788970589638,,,,,0.27501482323610354,-0.9339985838159919,0.01799631118774414,,-0.9461718117818236,-0.8075276585295796,-0.9347307616844773,-0.11233394691953436,-0.312817999937882,,-0.6731726359575987,,,0.28519403996566933,,
190,2017-09-25,,,-0.3368474878370762,-0.5256380150094628,,-0.6623426205478609,0.08885984565131366,0.029533764719963072,,-0.11051976913586259,,,,,0.24528386915335432,-0.48742505675181746,,-0.08981049792574984,-0.896090304479003,0.4752026508407046,,-0.5771243128304681,-0.9065958786134919,,0.1571982130408287,0.2542467452585697,-0.04381441534496844,0.15902614146471022,,0.11233188677579165
191,2017-09-26,,,,-0.410206382162869,,,,0.03973245248198509,,0.9145124647766352,,-0.05337305925786495,0.08605273254215717,,-0.26003897907988477,,,,-0.9406892331317067,,,-0.1827956298366189,0.026157990097999573,,-0.9368945895694196,-0.5713191330432892,0.007113240659236908,0.3092790311202407,,0.2513173222541809
192,2017-09-27,0.46072778292000294,0.07242992985993624,,,0.08927302993834019,0.29799774289131165,,-0.01089533418416977,0.16270089708268642,,,-0.12749373633414507,,-0.23457414517179132,-0.04228711171567233,,,,0.191091638058424,-0.958230356220156,,-0.636525213951245,-0.9293433399870992,0.13894818956032395,-0.5619568484835327,,,0.09953653486445546,,0.3589253704994917
193,2017-09-28,,0.6106843072921038,,-0.05075305700302124,-0.06914030853658915,,0.048053145641461015,,,-0.48674893751740456,,-0.200390105911841,0.07923250366002321,,0.03680760491406545,,,-0.9359571561217308,0.08515153266489506,,,-0.5010863840579987,-0.6449592536082491,,-0.9223990570753813,,0.007382422064741452,0.29429497267119586,,0.15931310504674911
194,2017-09-29,,0.22511528929074606,,,-0.007193014025688171,-0.31946471333503723,0.02083813212811947,,,,,-0.011616183910518885,0.03572607599198818,,-0.1201722959733822,-0.2706221118569374,-0.5665262928232551,,,-0.7640308509580791,,-0.7512647956609726,,-0.012080722954124212,-0.015271242707967758,,0.011537088081240654,0.19033918157219887,0.5745482966303825,0.11893755290657282
195,2017-10-02,,0.10244427341967821,,,,0.0034845881164073944,0.03777491860091686,0.024574100971221924,,,,-0.13240512336293855,,0.09426629426889122,0.10020662952835362,,,-0.041192294905583064,0.6540545532479882,,,-0.6017120901184777,0.2920248806476593,0.10881110769696534,-0.13845928323765597,,-0.042326983995735645,0.2129309680312872,,
196,2017-10-03,0.12232990004122257,,,-0.44363318383693695,0.05834509991109371,,,,,0.9039107449352741,,-0.0009198836050927639,0.059653704054653645,,0.054186060622503814,,,,-0.02520423522219062,0.8624662449583411,,-0.34387831545124453,,-0.010809272527694702,0.6275281999260187,,0.005450015421956778,0.14351703878492117,,0.36939184243480366
197,2017-10-04,-0.026762125082314014,0.2597297877073288,,,,,,,,-0.6920308023691177,,-0.6737397154793143,,-0.4321550540626049,0.11547790919818605,,,,-0.9521416632924229,0.09222786501049995,,-0.728525798501713,,0.028685379773378372,-0.8260463727638125,,,,,
198,2017-10-05,,0.17104463558644056,,,,,,,,-0.9497876819223166,-0.44267853535711765,-0.08592015225440264,,-0.2315011816099286,0.02005709082586691,-0.14192597777582705,,,-0.030051078647375107,-0.12216416420415044,-0.7767624959815294,0.06183335091918707,,0.05911039188504219,0.4329056516289711,-0.07156357138107221,,0.12442944198846817,-0.2818160986062139,0.05713733471930027
199,2017-10-06,,-0.28922027846177417,-0.8350576988887042,-0.10267169121652842,,,,,,,,-0.13740703277289867,0.04122093413025141,,0.12968901096610352,-0.9101302176713943,,0.04551180265843868,,0.8862931812182069,-0.6948888944461942,-0.8809728274742762,,0.08277459582313895,-0.9561782917007804,,,0.1460811784490943,,
200,2017-10-09,,,,-0.34029377065598965,0.020001530647277832,,0.04620868340134621,,,,,,0.032292647287249565,,0.003650127677246928,,,-0.0018564686179161072,-0.9066703664138913,,,-0.5704438326259454,,,,0.03927863761782646,0.024334050016477704,0.08689308539032936,-0.8544714880020668,
201,2017-10-10,,,,-0.4514125566929579,,,0.13439577631652355,,,-0.7515004873275757,,0.10576629056595266,0.2451956900767982,,0.19484657591674476,-0.8084486499428749,,,,-0.7766990177333355,,-0.6383523065596819,-0.8038911074399948,0.12877922039479017,,,0.05196519196033478,,,0.08845790917985141
202,2017-10-11,0.038723571226000786,,,,,,0.20739933848381042,-0.4748568923678249,,0.526463508605957,,0.0216168868355453,,,-0.19303020170061952,,,,-0.956812925171107,-0.5017702113837004,,0.1276820949278772,,,0.38618174474686384,,,0.2116058568159739,,0.08731274772435427
203,2017-10-12,-0.024258218705654144,,,-0.6664347313344479,-0.4714426025748253,-0.43252595653757453,,-0.3345939237624407,,,-0.637011144310236,-0.4643319398164749,0.13249926331142584,0.04085648991167545,-0.20786912139737979,,0.40634479746222496,,,0.3984316624701023,,-0.8074364925269037,,,-0.9331743840593845,0.028537020087242126,-0.008028522599488497,0.0851734634488821,,0.7258068639785051
204,2017-10-13,,0.08042201865464449,-0.7900855764746666,-0.31433290615677834,0.0020856745541095734,-0.44783538579940796,,,,0.842729352414608,,-0.019828680902719498,,,0.02508911524200812,,-0.5492929741740227,,-0.6320984801277518,-0.9609074983745813,,-0.4395526978187263,,,,0.12150669749826193,,0.17054914077743888,0.4284215569496155,0.24396907165646553
205,2017-10-16,0.04896777495741844,0.08199415635317564,,0.16642072517424822,0.06418733857572079,,,0.02244840143248439,,,,0.16182276979088783,,,0.16965448592302643,,,-0.1843283111229539,-0.5237695297691971,-0.022191956639289856,,-0.10456222528591752,0.9175442173145711,0.07517519686371088,-0.9528785282745957,,0.14143347460776567,0.1710171109686295,,0.3441298948600888
206,2017-10-17,,,,-0.814987163990736,0.060693008825182915,,0.07167569221928716,,,,-0.3887573629617691,,,,0.22245570046361535,0.336242797318846,0.14264606032520533,,-0.6548698232509196,,,0.024660378694534302,,-0.004866829141974449,0.14828164037317038,,,0.228989960004886,,0.058646556455641985
207,2017-10-18,0.1005027573555708,,-0.9215016085654497,-0.6679988913238049,-0.21536422334611416,,,-0.08155757188796997,0.004764977842569351,,,-0.17245100298896432,,,0.08650263259187341,,,,-0.6564470054581761,-0.019272645004093647,-0.5484167337417603,-0.13407189003191888,,,-0.3482204007450491,-0.2791691906750202,0.07192926108837128,0.03489107172936201,,0.21751884060601392
208,2017-10-19,,0.03556625358760357,,0.1670167502015829,0.14949867129325867,-0.1149783757282421,,,,,,-0.22478881664574146,0.044544829055666924,,0.026161651185248047,-0.8636022936552763,,,,0.8845132663846016,,-0.3181721391156316,-0.9619513092329726,,,,,,,
209,2017-10-20,,0.7912456318736076,,-0.5609196722507477,,,0.026196126826107502,0.07456936687231064,,0.7200091779232025,,0.043528687208890915,,,-0.05589623445929545,-0.8286817297339439,,,,,,-0.18952369852922857,-0.9170589605346322,0.2862341537838802,0.1058836504817009,0.1436752714216709,-0.05676241219043732,,,0.19389033131301403
210,2017-10-23,,0.0479021817445755,0.6469709649682045,-0.4753517019562423,,-0.04047732427716255,,,,-0.44753530621528625,,-0.4510636171326041,,,-0.007305764879371661,-0.9013234674930573,-0.029176190495491028,0.03365950550263127,-0.8713671136647463,-0.5675148683755348,-0.8772819563746452,-0.4766935333609581,,0.03512698324630037,,,,,-0.2528918832540512,0.32613245490938425
211,2017-10-24,0.06557027786038816,,-0.49772403966635465,,0.042101744562387466,,,,,-0.31541043519973755,-0.532682167366147,-0.11567895859479904,,,0.2338231687511628,,0.2663109661079943,,-0.24092947831377387,,,-0.8876135835113624,-0.30260556532690924,,0.9172183908522129,0.05180744081735611,,,-0.6645522399339825,0.35346024576574564
212,2017-10-25,0.043241644743829966,0.672570213675499,-0.9524187951880906,,0.04869363270699978,0.6177947074174881,,,,-0.4750366061925888,,-0.5192571487277746,0.03953196853399277,,0.0693263508961536,-0.11196430958807468,,-0.39460009010508657,,0.00734289747197181,,-0.9531835322268307,-0.008282993454486132,0.06150051858276129,-0.9622838255017996,0.1089770682156086,,0.07819289434701204,,0.3372231973335147
213,2017-10-26,0.45374332135543227,,-0.9532788246870041,,,,,0.025628255680203438,,,,-0.33869297290220857,0.06691918149590492,,0.21577126967410246,-0.044059529434889555,-0.46989187890929834,,-0.9595195292495191,-0.6891038715839386,,0.1140366978943348,,,0.05514276586472988,,-0.08250140468589962,0.13412420451641083,-0.7998379282653332,
214,2017-10-27,0.4272608500905335,,,,,,,,,,,0.14442452718503773,0.02852300927042961,,0.1137160710127586,-0.01568033918738365,-0.0797993615269661,,-0.06493397010490298,0.8460889253765345,,0.14590966533869504,-0.5349109409376979,,-0.019755697809159756,-0.24840611219406128,-0.02290705218911171,0.1587723745033145,,
215,2017-10-30,,0.12488565314561129,,-0.6791895609349012,,,,,,,-0.3910343444440514,-0.19706223160028458,0.02951321192085743,0.14898623153567314,-0.02879914479986341,,-0.31051924483229715,0.0587331703864038,-0.11416278965771198,-0.5358090628869832,,0.8964261046300331,0.3371517172975776,-0.2836761437356472,0.8302234476432204,0.08582263067364693,,0.015582365915179253,-0.07555938046425581,
216,2017-10-31,,0.06154610216617584,,-0.05523399170488119,-0.6563938949257135,,0.06900371005758643,-0.07201022002846003,,-0.8407150432467461,-0.5451323427259922,0.147689797449857,0.03351912600919604,,-0.18731997231952846,,,,0.04681289196014404,-0.005894643720239401,,,0.11085304835190375,0.09609650447964668,,,,0.5774415102787316,,
217,2017-11-01,,,,-0.5769718654919416,0.02561228722333908,,0.013222349807620049,,,-0.4537043869495392,,-0.08763745659962296,,,0.04182187726837583,0.04887914409240087,,,-0.1803849283605814,,,-0.5627554947859608,,,-0.15554347215220332,,,0.02818906493484974,0.08296655335774024,0.591149234212935
218,2017-11-02,0.20362341776490211,,-0.5947096440941095,-0.7736473940312862,0.044391213450580835,,0.031157063553109765,,,,,0.09905636962503195,0.04141775146126747,,0.13083225862355902,0.2492356300354004,,,-0.36864692345261574,,,-0.6965992010664195,0.21624006905282536,0.18087936332449317,,,-0.1284953384893015,-0.011160925030708313,,0.07883116044104099
219,2017-11-03,0.1392320692539215,0.6626432128250599,,-0.5213504095251361,,-0.6201844811439514,0.056758350459858775,,,,-0.9607863361015916,-0.2862291168421507,0.03258724883198738,,-0.046723342369659804,-0.8884986862540245,0.6143460180610418,,,,,0.10321907699108124,0.523198497215552,,-0.9628981379792094,0.00541156530380249,-0.08785312343388796,,,0.21671698428690434
220,2017-11-06,,0.1345845116302371,-0.2107953503727913,,,,0.061050437623634934,,,,-0.7368823569267988,,0.03244015574455261,0.03767267055809498,-0.047829092955604814,,,-0.16141534596681595,-0.7306332665029913,,,0.7621353939175606,-0.014957175590097904,,,0.06778972782194614,0.01738175004720688,0.05284509714692831,,
221,2017-11-07,0.010405332781374454,0.6827635020017624,-0.2525337114930153,,0.11214595660567284,,0.034711891785264015,,,-0.8897070400416851,-0.31489817798137665,,0.019438790157437325,,0.16632288687105756,-0.33350028772838414,-0.07499463359514873,,,0.8625803934410214,,-0.4263581419363618,0.9140395224094391,0.08453169045969844,0.46026662178337574,,,0.12250084104016423,,
222,2017-11-08,,0.06924721971154213,,-0.3170052819768898,,,0.12224249169230461,,,-0.9572859797626734,-0.33943098224699497,,0.0723726648837328,-0.023751847445964813,-0.09124646198470146,-0.9571841489523649,-0.19759788364171982,,-0.897023394703865,,0.3116855756379664,-0.3462820240529254,-0.20449336431920528,,-0.9602860559243709,-0.43251396901905537,,0.33141927421092987,,0.43535613268613815
223,2017-11-09,-0.005203034030273557,,,-0.29255844932049513,,,0.03852750174701214,,,,-0.9057858744636178,0.04184624180197716,0.04246657807379961,,-0.051427988888463005,-0.8803882407955825,0.6177771934308112,,,-0.9580009253695607,,0.6375268083065748,-0.11707907915115356,-0.06289971619844437,-0.46430523856543005,0.03627884201705456,-0.02257036743685603,0.10424948073923587,,0.31775572150945663
224,2017-11-10,,,,,-0.007412932813167572,,,,,,,,0.05957984644919634,,-0.035906055779196325,-0.9629581542685628,,,-0.9615222672000527,-0.33628320368006825,,-0.5439568774309009,-0.835694931447506,,-0.9481048898305744,,,0.6501425132155418,,
225,2017-11-13,0.1066861420404166,,-0.9409504546783864,-0.26295693777501583,,,,0.04675100464373827,,,,,0.04537392842272917,,0.07809609842176239,,0.9358814172446728,-0.0031145982211455703,-0.9488063300959766,-0.9622395243495703,,0.09061615696797769,,,-0.9568388480693102,-0.11960659548640251,-0.04956865310668945,0.16994997983177504,,0.8033111318945885
226,2017-11-14,,0.06424934603273869,,-0.4569176484365016,0.08752875030040741,,0.09738419950008392,,,-0.6118601262569427,,0.0378900021314621,,,0.17588148106005974,-0.05538114346563816,0.004415877163410187,0.11125783622264862,0.6718445718288422,-0.9284718395210803,,-0.4398423188831657,,-0.01392175117507577,-0.9629969075322151,-0.00257880799472332,0.0013989415019750595,-0.09543438659360011,,
227,2017-11-15,,,,-0.27359915742029745,,,0.09154637798201293,0.013823168352246284,,-0.948725450783968,,,0.04003576934337616,,0.05534678607364185,-0.9511797749437392,0.23998418543487787,0.10363956913352013,,,,-0.8459399842346708,-0.6691371500492096,,-0.9641012060455978,-0.0738520510494709,,0.08303599245846272,-0.4983927295155202,0.408150055911392
228,2017-11-16,0.05394335060069958,0.06827538786455989,,,,,0.010839933529496193,,,,,,0.026916261141498882,0.0281332079321146,-0.039813693598262034,,-0.9389590453356504,0.04514302623768648,-0.9484594203531742,0.3199377792576949,,-0.5446018420625478,0.8827501395717263,0.04803474748041481,-0.9272635020315647,-0.4637778205797076,0.19124806323088706,0.06608023028820753,,
229,2017-11-17,,,,0.01601586490869522,,,0.07745324820280075,,,-0.5040682703256607,,-0.36803600285202265,0.11532642901875079,,0.0783797207744404,-0.781143837608397,0.2403979506343603,-0.014239714946597815,,,,-0.2793892252569397,,,0.7495632842183113,-0.42849209858104587,-0.21775298414286226,-0.2728407373651862,-0.20694982182855406,
230,2017-11-20,,,,-0.44277500826865435,,,0.09919928573071957,-0.1324144055445989,,0.46865449845790863,,0.05684654146898538,,0.0435078926384449,0.0917722658123239,,,-0.06491059428927573,,,,-0.41881462140008807,,,-0.06778612267225981,0.07547750324010849,-0.01990664075128734,-0.14427787065505981,0.8346308320760727,0.0482463464140892
231,2017-11-21,,,,,,0.23814558051526546,0.02373869647271931,,,0.07151559460908175,-0.34284025244414806,-0.06150224432349205,0.059162900783121586,0.04357648640871048,0.0503854175331071,,-0.33584702387452126,-0.24042033636942506,-0.2212801049463451,0.9171507619321346,,-0.45579650020226836,,0.2440255950205028,0.8780525922775269,-0.8644928131252527,0.08850999735295773,,-0.26213955227285624,0.6449151681736112
232,2017-11-22,0.08848978951573372,0.021632397547364235,,-0.10424644127488136,-0.07861702516674995,,0.0830869844648987,,,,,-0.37273380253463984,,,-0.051451887309667654,-0.9433671627193689,-0.937198637984693,0.06104025561362505,,,,-0.45799189899116755,0.20665237214416265,,0.874766431748867,,,0.01838587410748005,-0.634843886209031,0.14360024003932872
233,2017-11-23,0.019017159938812256,-0.9637770662084222,,-0.31595265679061413,0.01642755139619112,,,,,,,-0.11499621951952577,,,-0.1835149484880579,-0.4992025305982679,,0.02648986130952835,,,,-0.8808330120518804,,,0.7489991337060928,,,0.32043665771683055,,
234,2017-11-24,,0.6500513358041644,,,,-0.9371158084832132,,0.016558002680540085,,,,,,,-0.07011422122429524,,,-0.12513019796460867,,,,-0.7078847610391676,-0.8957363702356815,,0.43206870555877686,0.18590461276471615,,0.06996998935937881,-0.934808342717588,
235,2017-11-27,0.04683209769427776,,,,-0.06614636350423098,,,0.021103784441947937,,0.05001693498343229,,-0.16067806771025062,0.04277339670807123,,-0.030820164300332017,,,0.015066468079263965,0.7835559025406837,-0.9649312878027558,,-0.37034197760901105,-0.9377254918217659,,-0.9618233647197485,,,0.7772961314767599,,0.39184189261868596
236,2017-11-28,0.09356538020074368,0.6778191206976771,,0.004276737570762634,,,,,,-0.9528463967144489,,-0.3470252400729805,0.043807560577988625,,-0.03684939400409348,,-0.30808568559587,0.144173139706254,-0.0022220127284526825,,,-0.904956785030663,0.6806737668812275,0.045961424708366394,0.47266292572021484,,,0.061367107555270195,,0.3499599122442305
237,2017-11-29,,0.2787630930542946,-0.37569913812913003,,,,,,,,,0.04557125138429304,,,-0.02055116143839603,-0.9114608252421021,0.1732844989746809,-0.09747969855864842,,0.9066664548590779,-0.6428633804898709,-0.5835250706877559,,,-0.9648143164813519,,,0.2650865940377116,-0.6457526457961649,0.10820344183593988
238,2017-11-30,0.07819302193820477,-0.14573024213314056,-0.946075594983995,-0.17169400304555893,,,0.18995404918678105,,,,,-0.1393352335629364,,,-0.03210369423322845,-0.9472426092252135,,0.1020626425743103,-0.930492453277111,-0.9581141415983438,,-0.852751633618027,-0.4651499588508159,,-0.5141291406471282,,-0.005676193977706134,0.35277014784514904,-0.7294947686605155,0.12580788042396307
239,2017-12-01,,0.7105059251189232,-0.04158448055386543,,,,,,,,,0.007346061524003744,0.040965369902551174,0.04859333857893944,0.1426225311991472,,,0.16202251613140106,-0.9521613316610456,,,-0.017722107470035553,0.18357405066490173,,,,,0.03727384749799967,,
240,2017-12-04,0.12508766259998083,0.5850135264918208,,,,-0.5315161624457687,0.08102674863766879,,,,,-0.19555013456071416,,-0.17912004748359323,0.05598212904834117,-0.010514464229345322,,0.021351205351363336,-0.009134316816926003,-0.9570075226947665,,-0.9481683922931552,,-0.12013584491796792,-0.9651732537895441,,,0.07310627633705735,-0.41910079261288047,0.14698495622724295
241,2017-12-05,,,,,0.10406068293377757,,0.0894948854111135,0.034492135203133024,,-0.9198099114000797,,-0.18593904344985882,0.09833965636789799,,-0.05544703155861829,-0.5466254036873579,-0.11782555840909481,-0.29871319606900215,,,,-0.3287671584015091,-0.9623993309214711,0.10338470339775085,-0.9616347965784371,,,0.36751857958734035,,
242,2017-12-06,0.024243585765361786,,,-0.40635150484740734,,,,,,,,-0.39850509725511074,0.06737977638840675,0.05068613775074482,-0.157145230365651,-0.962360133882612,0.045748754404485226,0.0843288004398346,-0.9589737760834396,-0.954092176631093,,-0.9370800820179284,0.41345930099487305,,,,-0.011507846415042877,,,
243,2017-12-07,,,,0.061121657490730286,,0.035907208919525146,,,,0.3633096516132355,,-0.24109912694742283,0.030813004821538925,,0.082037917454727,0.0565465334802866,,0.060545443557202816,,0.38756489753723145,,-0.30263361148536205,0.09654668718576431,0.1409157128073275,0.9066103125611941,,0.016362495720386505,0.15399765316396952,,
244,2017-12-08,,0.13531879987567663,,-0.1953002018854022,,,,,,,,-0.057580209570005536,0.026582282967865467,,-0.13212946946441662,,0.09721202962100506,,-0.8853834606707096,0.016085224226117134,,0.5369250886142254,,,0.8177708418418964,,0.046696724370121956,0.0370008759200573,,
245,2017-12-11,,0.09723382350057364,,-0.4517296589910984,0.09789887939890225,,,,,,-0.5211724992841482,0.3713363856077194,,,0.09430384272709488,,-0.11973745375871658,0.012246259488165379,,-0.7595542818307877,,0.11767864376306533,,,-0.25530722737312317,,-0.1599348448216915,0.44715214520692825,0.15319920564070344,0.08810463175177574
246,2017-12-12,0.05095146503299475,0.3058565557003021,,,-0.08879800885915756,,,,,,,-0.007727977121248841,0.03469956200569868,,-0.058416026760824025,,-0.22467150539159775,0.26550187170505524,-0.8631741926074028,0.821662001311779,,0.10995864988459896,0.47073008585721254,,-0.6636382341384888,,,0.15563433663919568,,0.13850030582398176
247,2017-12-13,,,,-0.2984303953126073,0.07146113459020853,,,0.023302643094211817,,-0.43380290269851685,,0.09406040686493118,0.037427438888698816,,0.07598254898847598,,,,-0.5666034184396267,,,-0.6744793955003843,0.28381508532911537,-0.16980735212564468,,,,0.04702603444457054,,
248,2017-12-14,0.11215168051421642,0.6860185610130429,,0.05664430372416973,0.07825683266855776,-0.0967733096331358,,,,0.12060153484344482,,-0.18299913390850028,,-0.00822157971560955,0.055997185646750346,-0.9523154716007411,,,-0.18268430745229125,-0.9500262271612883,,-0.16500499099493027,0.17751010274514556,,,,,0.34632139606401324,0.690932031099995,0.6848193826153874
249,2017-12-15,-0.16067003086209297,-0.4382772780954838,,,,,,,,,-0.10229743272066116,0.23679150951405367,,,0.06824180260688688,,-0.19993636384606361,,,,,-0.3980681056467195,,,0.44739070534706116,,,0.3266798701758186,,0.06438806653022766
250,2017-12-18,,0.05676785670220852,,-0.4910486498847604,-0.31062690215185285,-0.18011661525815725,,,,-0.8937961757183075,,0.24219319433905184,,,0.0542014385961617,,,-0.19399255185271613,0.07298235408961773,-0.20817870739847422,,-0.896652438910678,,0.01022737892344594,,,,0.13138045999221504,,0.1310799466446042
251,2017-12-19,,-0.02900978270918131,,-0.3180099669843912,,-0.9630446508526802,,,,-0.9457182865589857,-0.1856748927384615,-0.28207091987133026,,,-0.05023940827231854,,0.048800782300531864,,,-0.9586518174037337,,-0.2605180229681234,-0.8603530172258615,0.1094817346893251,0.9188857385888696,,-0.415501506999135,0.028125583194196224,,0.16319688502699137
252,2017-12-20,0.12252344656735659,0.2603274593129754,-0.9527366499726971,,,,,,,-0.5077460408210754,,,,0.7804032377898693,-0.030975484480482658,,-0.9145763982087374,-0.08550826204009354,,-0.9350024845916778,,-0.006918668746948242,0.36274330131709576,0.019002501852810383,0.8884957917034626,,,0.08693530596792698,,0.3301123632118106
253,2017-12-21,-0.15978170931339264,,,,,,,,,,,,0.04095893166959286,-0.05675004981458187,0.16286908662877977,-0.554081198759377,0.398665688931942,0.09137392416596413,,0.9292403943836689,,0.009026036597788334,,,-0.1151680564507842,,,0.03812950477004051,,0.11466156132519245
254,2017-12-22,,,,,,,,0.02448934316635132,,-0.9501976855099201,-0.9001622246578336,-0.10345005430281162,,,0.07960971248879407,,,0.10626184940338135,,-0.9408661890774965,-0.8431474617682397,0.44551175087690353,,,-0.9626003471203148,,0.05149058438837528,0.13848599046468735,-0.49737943382933736,
255,2017-12-25,,,,,,,,,,,,-0.14823248609900475,,,,,,-0.07055160356685519,,,,,-0.08969301357865334,,,-0.4853723291307688,,,0.31206842698156834,
256,2017-12-26,,,,-0.5563445910811424,,,,-0.2299677887931466,,-0.8855267316102982,,,,,-0.05530690820887685,,,,,-0.9459958784282207,,-0.7206727159209549,-0.42699670314323157,,,,,0.11688667349517345,,0.2636427250690758
257,2017-12-27,,0.056055798195302486,,,,,,,,,,,,,-0.028569454501848668,-0.04303803667426109,-0.12491248548030853,-0.1825328692793846,,0.8847387209534645,,-0.5231904003769159,-0.7472026124596596,,0.07484354171901941,,,0.5652441853657365,,
258,2017-12-28,,,,-0.018378220032900572,,,,,,0.6003800481557846,-0.10821519792079926,,,,0.09316171810496598,-0.490458014421165,,-0.19856668512026468,,-0.8678425629623234,,-0.7087656240910292,,,-0.8159625604748726,,-0.0032084714621305466,0.09176840540021658,,0.3098027571104467
259,2017-12-29,,,-0.9530939161777496,0.035228023305535316,,,,,,-0.9195795655250549,,,0.14176091458648443,,,-0.5595884773259362,,-0.08508831635117531,0.007725672796368599,,,-0.12197533203288913,-0.8184015116421506,,-0.9390734732151031,-0.2630989085882902,,0.18742424684266248,,
260,2018-01-01,,,,,,,,,,,,,,,,,-0.8553956703593334,0.258580886060372,,,,,,,,0.1617002747952938,,,,
