,date,Topic_105,Topic_118,Topic_132,Topic_134,Topic_136,Topic_14,Topic_150,Topic_154,Topic_159,Topic_168,Topic_170,Topic_197,Topic_205,Topic_207,Topic_216,Topic_225,Topic_232,Topic_24,Topic_250,Topic_252,Topic_267,Topic_280,Topic_285,Topic_29,Topic_36,Topic_42,Topic_50,Topic_51,Topic_62,Topic_74,EBF
0,2017-01-02,,0.4,0.0,,0.0,-0.5,,-1.0,0.0,-0.5454545454545454,-0.3333333333333333,0.5,-0.6666666666666666,-0.5,0.0,0.0,-0.16666666666666666,0.0,0.0,-0.4,,0.0,0.0,0.0,-0.14285714285714285,-0.1111111111111111,,-0.5,0.0,-0.2222222222222222,-0.20990680100755668
1,2017-01-03,,-0.14285714285714285,-0.3333333333333333,-1.0,,-0.2,-0.6666666666666666,-0.6153846153846154,0.0,-0.16666666666666666,0.25,-0.2222222222222222,-0.07142857142857142,0.0,0.3,0.0,0.15,0.2,0.0,-0.2857142857142857,,-0.25,0.13333333333333333,-0.2,-0.16666666666666666,0.0,-0.75,-0.5,-0.25,-0.125,-0.08737272727272727
2,2017-01-04,,-0.1,0.0,0.0,0.0,-0.1111111111111111,-1.0,-0.25,0.0,-0.2857142857142857,0.0,-0.06666666666666667,-0.36363636363636365,0.0,0.0,1.0,-0.09090909090909091,0.0,-0.5,-0.42857142857142855,,0.5,-0.29411764705882354,-0.25,-0.3333333333333333,-0.25,0.0,-0.3333333333333333,-1.0,0.0,-0.12639281288723667
3,2017-01-05,,0.0,-1.0,-1.0,,0.0,-0.4,0.14285714285714285,0.0,-0.2,0.0,-0.18181818181818182,-0.1,-0.1111111111111111,-0.25,-0.6666666666666666,-0.18181818181818182,0.0,-0.11764705882352941,-0.6666363636363637,0.0,-0.5,0.02857142857142857,-0.25,-0.2,0.0,0.0,-0.5,0.2,0.0,-0.13729988331388565
4,2017-01-06,,-0.2222222222222222,-0.2,0.0,0.0,0.0,-0.6666666666666666,0.0,0.5,-0.2857142857142857,0.07692307692307693,0.0,-0.5,-0.5,0.25,-0.6,0.2,-0.4444444444444444,0.0,-0.6666666666666666,0.0,-1.0,-0.1111111111111111,,-0.5,-0.14285714285714285,0.3333333333333333,,-0.14285714285714285,0.0,-0.15891343669250646
5,2017-01-09,,0.05555555555555555,-0.6666666666666666,0.0,-1.0,-0.15553333333333336,0.0,0.11764705882352941,-0.4,0.05555555555555555,-0.10526315789473684,0.08333333333333333,-0.4166666666666667,0.16666666666666666,0.16666666666666666,-0.14285714285714285,0.03571428571428571,-0.2857142857142857,0.25,-0.5,,-0.42857142857142855,-0.21739130434782608,0.0,-0.08325,-0.35,-0.125,0.0,-0.3333333333333333,-0.3076923076923077,-0.13954110738255032
6,2017-01-10,,0.0,0.0,0.0,,-0.25,-0.541625,0.0,0.2,-0.2,0.0,0.13333333333333333,-0.1875,-0.8,0.2222222222222222,0.4,-0.18181818181818182,0.0,-0.1,-0.2857142857142857,,-0.25,-0.13793103448275862,-0.125,-1.0,-0.16666666666666666,-0.25,,-0.25,-0.3076923076923077,-0.13340702947845806
7,2017-01-11,0.0,-0.3333333333333333,0.0,0.0,,0.25,0.0,-0.16666666666666666,-0.4,-0.375,-0.3333333333333333,0.0,0.0,0.5,-0.1,-0.25,0.0,0.0,-0.18181818181818182,-0.38092857142857145,0.0,0.16666666666666666,0.0,-0.5,-0.75,-0.09090909090909091,0.0,0.0,-0.44449999999999995,-0.18181818181818182,-0.12379935965848453
8,2017-01-12,,-0.09523809523809523,-0.5,0.0,,-0.25,-0.4,-0.08,0.0,-0.16666666666666666,-0.025615384615384616,-0.46153846153846156,0.08333333333333333,-0.375,-0.2857142857142857,-0.4,-0.16,-0.1,-0.16666666666666666,-0.45,0.0,0.25,-0.047619047619047616,0.0,-0.7036666666666667,-0.15384615384615385,0.0,0.0,-0.3076923076923077,0.034482758620689655,-0.1462723091076357
9,2017-01-13,-1.0,0.0,0.0,-1.0,,0.25,-0.13340000000000002,0.0,-0.3333333333333333,-0.25,0.0,-0.6666666666666666,-0.1111111111111111,-0.42857142857142855,-0.25,-0.5,-0.07142857142857142,-0.3333333333333333,-0.25,-0.25,0.0,-0.25,-0.07692307692307693,-0.111,0.0,0.09090909090909091,0.25,0.0,-0.1111111111111111,-0.3,-0.11930592503022974
10,2017-01-16,,0.0,0.0,-1.0,0.0,0.0,1.0,-0.015857142857142854,-0.3333333333333333,-0.25,-0.38099999999999995,0.23076923076923078,-0.15384615384615385,-0.25,0.0,0.4,-0.047619047619047616,-0.25,0.0,-0.625,,0.0,-0.3333333333333333,-0.6666666666666666,-0.5,-0.038461538461538464,0.0,,0.6,-0.12,-0.1277831449126413
11,2017-01-17,,-0.13333333333333333,0.0,-1.0,,-0.2222222222222222,-0.5,0.17647058823529413,-0.25,-0.08333333333333333,0.18181818181818182,-0.36363636363636365,0.0,-0.1,-0.3333333333333333,-0.2,-0.1111111111111111,0.4,0.0,-0.45454545454545453,-0.6666666666666666,-0.14285714285714285,0.19230769230769232,1.0,0.2,-0.1111111111111111,0.375,-0.6666666666666666,-0.2,-0.10526315789473684,-0.10984095238095239
12,2017-01-18,,-0.5,-0.2,,,-0.5,-0.5,0.045454545454545456,0.0,0.0,0.14285714285714285,-0.2777777777777778,0.0,-0.09090909090909091,-0.3333333333333333,-0.2,0.11538461538461539,0.25,0.07692307692307693,-0.4126666666666667,0.0,-0.125,0.14285714285714285,-0.5,-0.5,-0.4,-0.16666666666666666,0.0,0.14285714285714285,-0.2222222222222222,-0.1084767547857794
13,2017-01-19,,0.13333333333333333,0.375,0.14285714285714285,,0.1111111111111111,-0.47614285714285715,0.0,0.0,-0.1111111111111111,0.125,0.1,-0.1111111111111111,-0.3333333333333333,0.0,-0.27775,-0.08,-0.2222222222222222,-0.1111111111111111,-0.3333333333333333,-0.5,-0.2857142857142857,0.2222222222222222,-0.14285714285714285,-0.375,-0.09090909090909091,-0.3333333333333333,,0.2,0.0,-0.06041943957968476
14,2017-01-20,,0.0,0.5,-0.625,,0.5714285714285714,0.0,0.06666666666666667,0.0,0.0,0.2857142857142857,-0.09090909090909091,-0.11764705882352941,-0.1111111111111111,0.0,-0.2857142857142857,-0.07692307692307693,0.2222222222222222,-0.1111111111111111,-0.2727272727272727,,0.2857142857142857,-0.11764705882352941,0.0,-0.6666666666666666,-0.07692307692307693,-0.6,-1.0,0.0,0.0,-0.12019758507135017
15,2017-01-23,,-0.14285714285714285,-0.25,-0.25,,-0.1,-0.75,0.0,-0.2857142857142857,-0.3333333333333333,-0.2222222222222222,-0.23809523809523808,0.0,-0.25,-0.3333333333333333,-0.18181818181818182,0.05405405405405406,0.0,0.0,-0.5,,-0.6,-0.09375,0.0,-0.3333333333333333,-0.20689655172413793,0.0,1.0,-0.14285714285714285,-0.27586206896551724,-0.12287312312312312
16,2017-01-24,,-0.38461538461538464,0.75,-1.0,,0.2727272727272727,-1.0,0.0,-0.1,0.0,0.0,0.125,-0.2727272727272727,0.0,0.14285714285714285,-0.5,0.0,-0.125,-0.2222222222222222,-0.55,0.0,-0.2857142857142857,0.0967741935483871,0.0,-0.2857142857142857,0.0,0.0,,0.0,0.0,-0.08872743846855059
17,2017-01-25,,0.16666666666666666,-0.42857142857142855,0.0,-1.0,-0.3333333333333333,,0.36363636363636365,0.2,0.0,0.07692307692307693,0.14814814814814814,0.3,-0.047642857142857147,0.0,-0.75,-0.16,0.0,-0.26666666666666666,-0.3333333333333333,0.0,0.0,0.018518518518518517,-0.222,-0.6,-0.23809523809523808,0.14285714285714285,0.0,0.0,-0.10526315789473684,-0.022584048027444254
18,2017-01-26,,0.0,0.2,0.0,,0.0,-0.4,0.16666666666666666,-0.5,-0.3076923076923077,0.05555555555555555,-0.13333333333333333,-0.05,-0.1,0.2,0.0,0.04,-0.29411764705882354,-0.45454545454545453,-0.3333333333333333,0.0,0.0,0.0,-0.25,0.0,-0.1111111111111111,0.0,,0.0,-0.2857142857142857,-0.07973964497041419
19,2017-01-27,,-0.14285714285714285,0.0,0.0,,0.0,,0.2727272727272727,0.0,-0.3333333333333333,0.25,-0.3333333333333333,0.0,-0.14285714285714285,-0.2857142857142857,0.5,-0.09090909090909091,-0.16666666666666666,-0.2,-0.6,,0.0,0.16,-0.25,-1.0,-0.16666666666666666,0.0,0.0,0.0,-0.07142857142857142,-0.1151688622754491
20,2017-01-30,-0.3333333333333333,-0.4166666666666667,-0.2857142857142857,-0.3333333333333333,,-0.3333333333333333,-1.0,-0.07692307692307693,0.2857142857142857,-0.1875,-0.1,-0.07692307692307693,-0.47058823529411764,-0.5,-0.18181818181818182,-0.5555555555555556,-0.12903225806451613,0.0,-0.2,-0.2222222222222222,0.25,-0.6,-0.08333333333333333,-0.3333333333333333,-0.5,-0.2222222222222222,0.0,,-0.14285714285714285,-0.2,-0.20114427480916033
21,2017-01-31,,-0.07692307692307693,0.0,0.0,,0.4,-0.5,-0.2,-0.125,-0.1333,0.1111111111111111,-0.375,-0.07142857142857142,-0.75,0.4,-0.375,-0.25,-0.42857142857142855,-0.375,-0.125,0.0,-0.42857142857142855,0.043478260869565216,0.5,0.5,-0.2727272727272727,-0.5,-1.0,-0.6666666666666666,-0.35,-0.10998357487922705
22,2017-02-01,0.5,0.09090909090909091,0.125,,,0.1,-1.0,0.1,0.0,0.125,-0.1875,-0.2,-0.3076923076923077,-0.125,0.0,-0.5555555555555556,0.037037037037037035,-0.13333333333333333,-0.2,-0.4,0.0,0.3333333333333333,0.07407407407407407,-0.3333333333333333,-0.3333333333333333,-0.125,0.0,,-0.2857142857142857,-0.3333333333333333,-0.1296977818853974
23,2017-02-02,,0.0,0.0,0.0,,-0.5,-0.5,0.21428571428571427,-0.125,-0.2857142857142857,-0.125,-0.043478260869565216,-0.20633333333333334,-0.14285714285714285,0.25,-0.5,-0.1875,-0.18181818181818182,-0.2857142857142857,-0.2548823529411765,-1.0,-0.2,-0.08333333333333333,-0.5,0.2,-0.05263157894736842,0.0,0.0,0.0,0.0625,-0.11569158075601374
24,2017-02-03,,0.0,-0.8,-1.0,0.0,0.0,,0.14285714285714285,0.14285714285714285,-0.7777777777777778,-0.1111111111111111,-0.35714285714285715,-0.15384615384615385,0.0,-0.3333333333333333,-0.2857142857142857,0.058823529411764705,-0.3333333333333333,-0.3,-0.2857142857142857,,0.0,-0.4444444444444444,-0.14285714285714285,-0.5,0.0,0.0,,-0.4,-0.21428571428571427,-0.1784431137724551
25,2017-02-06,0.0,-0.125,-0.25,0.0,-0.5,-0.16666666666666666,-0.3333333333333333,-0.18181818181818182,0.125,-0.2857142857142857,0.5,-0.08333333333333333,-0.0875,0.16666666666666666,-0.6666666666666666,-0.2,-0.16666666666666666,-0.07692307692307693,-0.3333333333333333,-0.47058823529411764,,-0.3333333333333333,-0.2631578947368421,0.0,-0.3,-0.08108108108108109,-0.5,-1.0,-0.3333333333333333,-0.20689655172413793,-0.14824602573807721
26,2017-02-07,0.0,-0.07142857142857142,0.0,,,-0.14285714285714285,-1.0,0.0,0.0,-0.2857142857142857,-0.25,-0.18181818181818182,0.0625,-0.25,0.125,-0.14285714285714285,0.022199999999999998,-0.07841176470588235,-0.14285714285714285,-0.6428571428571429,,-1.0,-0.1,0.0,-0.2,-0.25,0.0,0.0,0.0,-0.2,-0.1275352657004831
27,2017-02-08,0.0,-0.09090909090909091,0.0,-1.0,,0.0,,0.125,0.4444444444444444,-0.1,-0.2,-0.3333333333333333,-0.25,0.0,0.25,-0.4444444444444444,0.0,0.0,0.0,-0.5,0.0,0.25,-0.02702702702702703,0.0,-0.4,0.08333333333333333,0.1,,0.14285714285714285,0.06666666666666667,-0.11566484517304189
28,2017-02-09,0.5,-0.07142857142857142,0.0,-0.6666666666666666,,-0.2,-0.75,0.25,-0.2857142857142857,-0.2,0.125,0.083375,0.125,-0.18181818181818182,-0.25,-0.46153846153846156,-0.04,0.07692307692307693,-0.3333333333333333,-0.4166666666666667,0.0,-0.4,0.0,-0.2,-0.5,-0.18181818181818182,0.16666666666666666,,0.0,0.05263157894736842,-0.075809199318569
29,2017-02-10,,-0.14285714285714285,0.0,,1.0,0.14285714285714285,-0.25,0.1111111111111111,0.5,-0.375,0.1,-0.08333333333333333,0.0,-0.2222222222222222,-0.3333333333333333,-0.4,-0.125,-0.09090909090909091,-0.18181818181818182,-0.4166666666666667,-0.5,-0.6666666666666666,0.0967741935483871,0.0,,-0.18181818181818182,,-1.0,0.25,-0.09523809523809523,-0.12957317073170732
30,2017-02-13,,-0.0625,0.16666666666666666,0.0,,-0.2727272727272727,0.5,-0.13636363636363635,0.0,0.0,0.11764705882352941,-0.21052631578947367,-0.2608695652173913,-0.4166666666666667,0.2,-0.125,-0.18181818181818182,0.25,-0.46153846153846156,-0.375,-1.0,-0.2,-0.2571428571428571,-0.1111111111111111,0.0,0.03333333333333333,-1.0,,0.0,-0.12121212121212122,-0.09692472324723247
31,2017-02-14,,-0.09090909090909091,0.0,0.0,,-0.46153846153846156,-0.5,0.10526315789473684,-0.2,-0.15,0.2857142857142857,-0.25,-0.08333333333333333,-0.5,-0.3333333333333333,-0.25,0.0,-0.2857142857142857,0.3,-0.2727272727272727,0.0,0.0,-0.02564102564102564,-0.3333333333333333,-0.6666666666666666,-0.1875,0.5,-1.0,-0.5,0.3125,-0.10836936170212766
32,2017-02-15,,-0.1111111111111111,-0.3333333333333333,,,0.0,-1.0,0.13333333333333333,-0.2222222222222222,-0.25,-0.1,-0.5,-0.1875,-0.3,-0.42857142857142855,-0.125,-0.08333333333333333,-0.15384615384615385,-0.15789473684210525,-0.4166666666666667,-0.5,-1.0,-0.3157894736842105,0.0,-0.58325,-0.45454545454545453,0.0,-1.0,0.0,-0.15789473684210525,-0.16432719298245613
33,2017-02-16,,0.0,0.15384615384615385,,,0.2,-0.7036666666666667,-0.11764705882352941,0.16666666666666666,-0.1,-0.21428571428571427,-0.23809523809523808,-0.18181818181818182,-0.2222222222222222,-0.3333333333333333,-0.5,-0.16666666666666666,0.0,0.0,-0.7857142857142857,,0.3333333333333333,-0.08695652173913043,-0.25,-1.0,-0.35183333333333333,0.0,,-0.3333333333333333,0.0,-0.11386080273270707
34,2017-02-17,,0.4,-0.16666666666666666,,,0.0,-0.6666666666666666,-0.1,-0.6666666666666666,0.16666666666666666,0.2727272727272727,0.0,-0.4444444444444444,0.0,0.0,-1.0,-0.07692307692307693,-0.1111111111111111,-0.22216666666666665,-0.75,0.0,0.5,-0.125,-0.4,-0.3333333333333333,-0.3,0.0,,-0.4,0.0,-0.1134453781512605
35,2017-02-20,,0.0,0.0,,-1.0,-0.5,-0.3333333333333333,-0.21428571428571427,-0.2857142857142857,-0.25,-0.38461538461538464,-0.2,-0.125,-0.09090909090909091,-0.4166666666666667,0.08333333333333333,-0.08333333333333333,-0.07692307692307693,-0.020812499999999998,-0.4,,-0.1,-0.16666666666666666,-0.3333333333333333,-1.0,-0.25,0.25,-1.0,-0.25,-0.14814814814814814,-0.1313329886246122
36,2017-02-21,-1.0,-0.09090909090909091,-0.25,0.0,,-0.5,-0.5,-0.1875,0.25,-0.06666666666666667,0.1,-0.08333333333333333,-0.18181818181818182,-0.5,0.07142857142857142,-0.375,0.06668,0.05558333333333334,0.0,-0.6,0.0,-0.75,-0.1794871794871795,-1.0,0.0,-0.3,-0.16666666666666666,,-0.4,0.0,-0.07043304843304843
37,2017-02-22,,0.14285714285714285,-0.2,0.0,,0.047642857142857147,1.0,-0.14285714285714285,0.3,0.3,0.2,-0.21428571428571427,-0.16666666666666666,-0.4444444444444444,0.07692307692307693,0.0,0.21428571428571427,-0.16666666666666666,-0.07692307692307693,-0.25,-0.4,0.3333333333333333,-0.1,0.0,-1.0,-0.06666666666666667,0.0,,-0.25,0.1,-0.0774184331797235
38,2017-02-23,0.0,0.0,0.0,0.0,,-0.5,0.0,0.0,-0.125,-0.3076923076923077,-0.14285714285714285,0.16666666666666666,-0.19751851851851854,-0.07692307692307693,0.25,-0.3333333333333333,-0.03571428571428571,0.0,0.0,-0.16666666666666666,-0.3333333333333333,0.0,0.08485454545454545,0.3333333333333333,-0.3333333333333333,-0.6,0.0,0.0,-0.25,-0.21052631578947367,-0.09024227642276424
39,2017-02-24,-0.6666666666666666,0.0,-0.16666666666666666,0.0,,0.0,-0.3333333333333333,-0.25,-0.3333333333333333,-0.07142857142857142,0.14285714285714285,-0.25,-0.4222,-0.375,-0.375,-0.16666666666666666,-0.3333333333333333,0.16666666666666666,0.18181818181818182,-0.37773333333333337,0.0,0.14285714285714285,0.07407407407407407,0.0,0.0,-0.08333333333333333,0.0,0.0,-0.14285714285714285,0.0,-0.12273117154811716
40,2017-02-27,-1.0,0.1111111111111111,-0.2857142857142857,0.0,0.0,0.125,-0.6,-0.05555555555555555,0.08333333333333333,0.3,0.41379310344827586,-0.16666666666666666,-0.18518518518518517,-0.15384615384615385,-0.3076923076923077,-0.2222222222222222,-0.05128205128205128,-0.17647058823529413,-0.25,-0.3015714285714286,0.0,0.2,0.0,-0.5714285714285714,0.3333333333333333,-0.11538461538461539,0.0,0.0,-0.18181818181818182,-0.037037037037037035,-0.06139145658263306
41,2017-02-28,,-0.05,0.0,-0.3333333333333333,,0.14285714285714285,-0.8333333333333334,0.0,0.4444444444444444,0.0,0.125,0.07692307692307693,0.2222222222222222,-0.10526315789473684,0.07142857142857142,-0.3333333333333333,-0.05263157894736842,-0.07142857142857142,0.058823529411764705,-0.5333333333333333,,0.15384615384615385,-0.07142857142857142,0.0,-0.4,-0.25,-0.3333333333333333,-1.0,-0.5,0.1,-0.08495616883116883
42,2017-03-01,,0.125,0.0,,,0.0,0.0,0.16666666666666666,0.0,-0.2,0.09090909090909091,0.07692307692307693,-0.17647058823529413,0.0,-0.09521428571428571,-0.3,-0.13636363636363635,-0.23076923076923078,0.1111111111111111,-0.4117647058823529,0.0,-0.18181818181818182,-0.13157894736842105,0.0,-0.25,-0.13333333333333333,0.0,,-0.5,-0.038461538461538464,-0.1157996589940324
43,2017-03-02,0.0,-0.06666666666666667,0.0,,,0.0,-0.3333333333333333,-0.2857142857142857,0.3,-0.125,-0.2,0.2857142857142857,-0.1875,0.16666666666666666,0.0,0.2,-0.07142857142857142,-0.15384615384615385,-0.06666666666666667,-0.37033333333333335,0.0,-0.2857142857142857,-0.32,0.0,,0.0,0.0,0.0,-0.4,-0.125,-0.1481155821917808
44,2017-03-03,,-0.18522222222222223,-0.14285714285714285,0.0,-1.0,0.0,-1.0,-0.15,-0.2,0.2,0.25,0.25,0.0,0.0,-0.1,0.0,-0.05263157894736842,-0.25,0.07692307692307693,-0.375,,-0.5,-0.2,0.0,-0.3,-0.23076923076923078,0.2,,0.0,-0.08333333333333333,-0.15353418308227115
45,2017-03-06,,0.0,0.0,0.0,0.0,-0.1111111111111111,-0.3,-0.3015714285714286,-0.23076923076923078,-0.6,0.0,0.0,-0.10526315789473684,-0.4,-0.0555,0.125,0.07407407407407407,-0.058823529411764705,0.0,-0.5833333333333334,0.0,0.0,0.13043478260869565,0.0,-0.3333333333333333,0.0,-0.25,0.0,-0.2222222222222222,-0.4,-0.12556970185334407
46,2017-03-07,,0.3,0.3333333333333333,-0.5,,-0.21428571428571427,-0.75,-0.07142857142857142,0.42857142857142855,-0.3333333333333333,0.0,0.21052631578947367,-0.16666666666666666,-0.3333333333333333,-1.0,0.0,-0.11538461538461539,-0.07142857142857142,-0.14285714285714285,-1.0,0.0,0.16666666666666666,-0.17857142857142858,-0.2727272727272727,-1.0,-0.0625,0.0,-1.0,0.0,-0.7272727272727273,-0.14326647564469913
47,2017-03-08,,0.0,0.0,,,0.125,0.0,-0.15384615384615385,0.25,-0.14285714285714285,0.08333333333333333,0.4,0.0,0.0,0.0,-0.2,0.0,0.2,-0.14285714285714285,-0.42857142857142855,0.0,-0.2,-0.10526315789473684,-0.25,-0.4666,-0.35714285714285715,0.0,-1.0,-0.2857142857142857,-0.16666666666666666,-0.10442142857142857
48,2017-03-09,,0.0,0.4,-0.5,,0.16666666666666666,-0.14285714285714285,-0.21052631578947367,-0.375,-0.875,-0.15384615384615385,0.07142857142857142,-0.2222222222222222,-0.4375,0.0,-0.2857142857142857,0.08333333333333333,0.0,-0.36363636363636365,-0.4444166666666667,0.0,0.2727272727272727,-0.075,-0.5,0.0,0.0,0.0,,-0.42857142857142855,-0.16,-0.14416954732510287
49,2017-03-10,,-0.36363636363636365,-1.0,0.0,0.0,-0.1,0.0,0.2857142857142857,0.0,-0.5,-0.1111111111111111,-0.07692307692307693,-0.42857142857142855,-0.1111111111111111,-0.2857142857142857,0.0,-0.13333333333333333,0.0,0.0,-0.6,,-0.5,0.041666666666666664,-0.3333333333333333,-0.6666666666666666,0.125,0.0,-1.0,-0.3333333333333333,-0.2,-0.14830777537796977
50,2017-03-13,,-0.15384615384615385,0.0,1.0,,-0.16666666666666666,-0.3333333333333333,0.16666666666666666,-0.2857142857142857,-0.14285714285714285,-0.16666666666666666,-0.047619047619047616,0.058823529411764705,-0.416625,-0.45454545454545453,-0.7272727272727273,-0.2,-0.06666666666666667,-0.42857142857142855,-0.35714285714285715,-0.2,-0.4,-0.16,0.0,-0.25,-0.0625,-0.25,,0.0,-0.14285714285714285,-0.12297450199203187
51,2017-03-14,,0.0,0.0,,0.0,0.0,-0.4,0.07142857142857142,-0.1111111111111111,0.0,0.0,0.20515384615384613,-0.16666666666666666,0.0,-0.75,-0.5,0.0,0.3333333333333333,-0.07692307692307693,-0.2916666666666667,-0.3333333333333333,0.07692307692307693,-0.3157894736842105,0.3333333333333333,-0.4,0.0,0.0,,0.0,0.0,-0.12051926977687626
52,2017-03-15,,-0.2222222222222222,-0.6666666666666666,,,-0.1,-0.5,-0.35,0.14285714285714285,-0.25,0.08333333333333333,0.0,0.0,0.08333333333333333,-0.375,-0.25,-0.34782608695652173,-0.42857142857142855,0.13333333333333333,-0.48715384615384616,0.0,-0.5714285714285714,0.034482758620689655,0.0,0.0,0.08333333333333333,-0.3333333333333333,,0.25,-0.12,-0.15373996350364963
53,2017-03-16,0.0,-0.06666666666666667,0.5,,,-0.1111111111111111,-0.5,-0.07692307692307693,-0.35714285714285715,-0.25,0.0,-0.02378571428571428,-0.07692307692307693,-0.1,0.0,-0.07692307692307693,-0.21052631578947367,0.0,-0.058823529411764705,-0.6470588235294118,0.0,-0.2857142857142857,0.05555555555555555,0.0,-0.16666666666666666,-0.6666666666666666,-0.3333333333333333,-1.0,-0.25,-0.10526315789473684,-0.13035708435708435
54,2017-03-17,,-0.125,0.16666666666666666,0.0,,-0.375,-0.75,-0.17647058823529413,0.0,0.0,0.0,-0.36363636363636365,-0.0625,-0.1875,-0.3333333333333333,-0.4444444444444444,0.0,-0.08333333333333333,-0.14285714285714285,-0.42857142857142855,,0.15384615384615385,-0.15384615384615385,0.0,-0.7692307692307693,-0.11764705882352941,-0.3333333333333333,0.0,0.0,-0.3333333333333333,-0.1444007858546169
55,2017-03-20,,0.0,0.0,-0.6,,-0.3333333333333333,-0.333,0.0,0.0,-0.21428571428571427,0.05,-0.5454545454545454,0.0,-0.4,0.1,-0.375,-0.26189285714285715,-0.3333333333333333,-0.11764705882352941,-0.3333333333333333,-0.3333333333333333,-0.36363636363636365,-0.125,-0.46153846153846156,0.0,-0.030303030303030304,0.0,-1.0,-0.1111111111111111,-0.15384615384615385,-0.14450187828700226
56,2017-03-21,,0.23076923076923078,-0.6,0.0,,0.3333333333333333,-0.6666666666666666,-0.14285714285714285,0.0,0.1111111111111111,0.2857142857142857,-0.2,0.07142857142857142,0.0,-0.125,-0.25,0.12344444444444445,-0.21428571428571427,0.0,-0.14285714285714285,0.0,0.0,0.07894736842105263,0.0,-0.5454545454545454,-0.125,0.0,-1.0,0.4,0.0,-0.08623217391304348
57,2017-03-22,,0.0,0.0,0.0,,0.0,-0.5,0.0,0.18181818181818182,-0.2222222222222222,-0.1,-0.14285714285714285,-0.35294117647058826,-0.07692307692307693,-0.35714285714285715,-0.3333333333333333,0.0,-0.5,-0.11764705882352941,-0.38461538461538464,0.0,0.25,-0.24,-0.16666666666666666,-0.2222222222222222,-0.35714285714285715,-0.2857142857142857,-0.9166666666666666,-0.45454545454545453,-0.13043478260869565,-0.15131355181576617
58,2017-03-23,,0.2857142857142857,-0.14285714285714285,-1.0,,0.16666666666666666,-0.16666666666666666,0.0,-0.07142857142857142,-0.2857142857142857,-0.2,0.1111111111111111,-0.10526315789473684,-0.16666666666666666,0.08333333333333333,-0.6,0.0,0.25,-0.11764705882352941,-0.6110833333333333,0.0,-0.2,0.10526315789473684,-0.125,0.0,0.0,-0.16666666666666666,-1.0,-0.14285714285714285,-0.5,-0.12264700996677741
59,2017-03-24,,0.0,-0.2,-1.0,,-0.2,1.0,0.0,0.16666666666666666,-0.125,0.1111111111111111,-0.1875,-0.05263157894736842,-0.2857142857142857,-0.3333333333333333,0.3333333333333333,-0.15384615384615385,-0.08333333333333333,-0.25,-0.5833333333333334,,-0.2,-0.058823529411764705,0.5,0.0,0.0,-0.5,-1.0,0.0,0.0,-0.135239406779661
60,2017-03-27,,-0.05555555555555555,-0.3333333333333333,-0.75,,0.38461538461538464,-0.8,0.0,0.0,-0.2857142857142857,-0.2,-0.1,-0.047619047619047616,-0.09090909090909091,0.25,-0.1111111111111111,-0.03225806451612903,0.03333333333333333,0.0,-0.303,0.0,0.0,-0.10256410256410256,-0.16666666666666666,-0.4,0.0,-0.4,,-0.09090909090909091,-0.05263157894736842,-0.13929106187929716
61,2017-03-28,,-0.6666666666666666,0.2857142857142857,0.6666666666666666,,0.2,-1.0,0.0,-0.125,-0.3,0.0,-0.2,-0.2916666666666667,-0.75,0.1,0.25,-0.04,0.0625,0.2222222222222222,-0.49204761904761907,0.0,0.0,-0.020833333333333332,0.3333333333333333,0.0,-0.45454545454545453,0.0,0.0,0.0,-0.2708125,-0.1161656652360515
62,2017-03-29,0.0,-0.5555555555555556,0.2,0.3333333333333333,,0.0,-0.75,0.0,0.0,0.16666666666666666,0.0,0.0,-0.3333125,0.0,-0.2,-0.3333333333333333,-0.11764705882352941,-0.09090909090909091,0.06666666666666667,-0.3,,-0.16666666666666666,0.0,-0.3333333333333333,-0.5,-0.06666666666666667,-0.25,-0.5,0.0,-0.14285714285714285,-0.13163327370304115
63,2017-03-30,,0.0,0.0,0.0,0.0,0.0,-0.06659999999999999,0.23076923076923078,-0.5833333333333334,-0.2222222222222222,-0.13333333333333333,-0.1875,-0.21052631578947367,-0.3,0.0,-0.6,0.05263157894736842,-0.3333333333333333,-0.2222222222222222,-0.4666666666666667,,0.25,0.09302325581395349,-0.3333333333333333,-0.6666666666666666,-0.2727272727272727,0.0,0.0,0.0,-0.3,-0.13069723320158103
64,2017-03-31,,-0.06666666666666667,0.2,0.0,0.0,-0.07692307692307693,-1.0,0.2,-0.25,-0.2857142857142857,0.0,-0.5454545454545454,0.14285714285714285,,0.2222222222222222,-0.3333333333333333,0.0,-0.23076923076923078,-0.36363636363636365,-0.5714285714285714,,0.1111111111111111,-0.07692307692307693,-0.2,-0.1111111111111111,0.0,-0.42857142857142855,,-0.2857142857142857,-0.23809523809523808,-0.13186431718061672
65,2017-04-03,,0.3333333333333333,-0.2857142857142857,,,0.07142857142857142,-0.5,-0.16666666666666666,0.0,-0.23076923076923078,0.0,-0.25,-0.10714285714285714,-0.47619047619047616,-0.5,-0.5454545454545454,-0.2857142857142857,-0.16666666666666666,-0.38461538461538464,-0.2889333333333333,1.0,-0.08333333333333333,0.0,0.0,-0.875,-0.02857142857142857,0.4,-1.0,-0.07692307692307693,-0.3125,-0.12343478260869566
66,2017-04-04,,-0.25,-0.375,0.0,-1.0,0.0,0.0,-0.14285714285714285,-0.14285714285714285,0.0,0.125,0.0,-0.2857142857142857,-0.3333333333333333,-0.125,-0.3333333333333333,-0.17647058823529413,-0.14285714285714285,-0.3125,-0.2120909090909091,0.3333333333333333,-0.25,-0.06666666666666667,0.0,-0.8571428571428571,0.15384615384615385,-0.2857142857142857,-0.5,0.0,-0.5833333333333334,-0.18331568431568432
67,2017-04-05,,-0.25,-0.18181818181818182,-0.5,,-0.2,-0.5,0.08333333333333333,-0.25,0.0,0.2,0.0,0.0,-0.2,0.0,0.0,-0.17647058823529413,0.13333333333333333,-0.3333333333333333,-0.375,0.0,-0.4,0.0,-0.14285714285714285,0.4,-0.047619047619047616,-0.3333333333333333,-1.0,-0.2222222222222222,0.1,-0.11671360608943862
68,2017-04-06,,-0.3333333333333333,-0.1111111111111111,-1.0,-0.5,0.0,,0.19047619047619047,0.0,-0.45454545454545453,0.09090909090909091,-0.2857142857142857,0.0625,0.0,0.0,-0.625,-0.038461538461538464,-0.2,-0.16666666666666666,-0.37773333333333337,,0.1111111111111111,0.0,0.0,-0.42857142857142855,-0.0967741935483871,-0.6666666666666666,0.0,-0.16666666666666666,-0.13636363636363635,-0.10833275862068965
69,2017-04-07,,0.0,0.0,,,0.0,,0.09090909090909091,-0.18181818181818182,-0.2222222222222222,-0.1,-0.125,0.07142857142857142,-0.06060606060606061,-0.14285714285714285,-0.2,0.0,-0.2727272727272727,-0.4,-0.6,,-0.2222222222222222,0.0,0.3333333333333333,-0.4,-0.047619047619047616,-0.3333333333333333,,-0.16666666666666666,-0.14285714285714285,-0.13685671936758892
70,2017-04-10,-1.0,-0.0625,0.0,,0.0,0.26666666666666666,,0.0,0.09090909090909091,-0.4090909090909091,0.2,-0.375,-0.15,-0.07142857142857142,-0.06666666666666667,-0.06666666666666667,0.14814814814814814,-0.11764705882352941,-0.2222222222222222,-0.6428571428571429,,-0.2222222222222222,-0.1388888888888889,-0.14285714285714285,-0.14285714285714285,0.0,-0.5,0.0,0.0,-0.1,-0.11698956780923994
71,2017-04-11,-1.0,0.0,0.0,1.0,0.0,0.0,0.0,-0.06666666666666667,-0.25,-0.42857142857142855,0.125,0.0,0.21428571428571427,-0.4444444444444444,-0.75,-0.16666666666666666,0.13636363636363635,-0.375,-0.08333333333333333,-0.5714285714285714,,-0.2,0.0,-0.4,-0.2,-0.1,,0.0,0.0,-0.2,-0.09097598253275109
72,2017-04-12,,0.1,0.16666666666666666,0.0,,0.125,-0.3333333333333333,-0.07692307692307693,-0.2857142857142857,-0.4,-0.4,-0.1,0.047619047619047616,-0.2,0.0,-0.09090909090909091,0.05555555555555555,-0.14285714285714285,0.07142857142857142,-0.41015384615384615,-1.0,0.0,0.034482758620689655,0.0,0.0,-0.125,-0.2,-1.0,-0.2857142857142857,0.058823529411764705,-0.11380503144654089
73,2017-04-13,0.0,0.0,-0.14285714285714285,0.5,-0.5,0.6,,0.09090909090909091,-0.2727272727272727,-1.0,-0.07692307692307693,0.5,0.0,-0.25,-0.037000000000000005,-0.2857142857142857,0.0,-0.3333333333333333,0.25,-0.4666666666666667,,-0.6,0.05555555555555555,-0.5,-0.6666666666666666,-0.19230769230769232,0.0,-1.0,0.25,-0.5333333333333333,-0.11410799136069115
74,2017-04-14,,-0.6666666666666666,0.0,-1.0,0.0,0.0,,0.0,0.0,0.0,0.0,0.0,0.2,0.3333333333333333,0.0,,-0.25,0.0,0.0,,0.0,-0.14285714285714285,0.1,,,-0.14285714285714285,0.111,,-0.5,-0.5,-0.1090759162303665
75,2017-04-17,-0.25,0.2222222222222222,-0.5,0.0,0.25,0.18181818181818182,-1.0,0.13333333333333333,-0.3076923076923077,-0.2,-0.08333333333333333,-0.3333333333333333,0.125,0.0,-0.6,-0.3333333333333333,0.0,0.0,0.0,-0.42857142857142855,,0.2,-0.16071428571428573,0.0,,-0.023255813953488372,,-1.0,-0.3333333333333333,-0.23076923076923078,-0.0957932131495228
76,2017-04-18,-0.5,-0.25,1.0,-0.3333333333333333,,0.0,,0.125,-0.08333333333333333,-0.42857142857142855,0.07692307692307693,0.16666666666666666,-0.1875,0.0,-0.14285714285714285,-0.25,-0.037037037037037035,0.0,0.16666666666666666,-0.25,,-0.25,0.07894736842105263,0.0,-0.75,-0.11764705882352941,0.0,,-0.2,0.125,-0.07852077001013172
77,2017-04-19,,-0.8,0.0,0.0,0.0,-0.2,0.0,-0.4166666666666667,0.0,0.375,0.07692307692307693,-0.3333333333333333,-0.08695652173913043,0.125,-0.2857142857142857,0.0,0.058823529411764705,-0.16666666666666666,0.0,-0.7692307692307693,0.0,-0.5,0.0625,0.0,-0.42857142857142855,-0.043478260869565216,1.0,,-0.5,-0.2857142857142857,-0.09245009596928982
78,2017-04-20,-1.0,-0.125,-0.2,,1.0,0.0,0.0,0.0,-0.3333333333333333,0.0,-0.07692307692307693,-0.26666666666666666,-0.1111111111111111,-0.25,-0.2727272727272727,-0.2,0.0,-0.36363636363636365,0.16666666666666666,-0.5,0.0,0.6,0.06521739130434782,-0.4,1.0,0.05,-0.2857142857142857,,-0.16666666666666666,-0.3181818181818182,-0.05252380952380952
79,2017-04-21,-1.0,-0.2,0.0,0.3333333333333333,,-0.25,-0.3333333333333333,0.1875,0.0,-0.2,-0.14285714285714285,-0.13333333333333333,-0.125,0.0,-0.08333333333333333,-0.2857142857142857,0.0,-0.125,-0.08886666666666666,-0.27775,,0.0,-0.029411764705882353,-0.5,0.0,0.0,0.0,,0.2,-0.6666666666666666,-0.14002217036172696
80,2017-04-24,,0.2222222222222222,0.1,0.5,,0.0,-1.0,0.5555555555555556,0.15384615384615385,-0.3684210526315789,-0.16666666666666666,0.21428571428571427,0.041666666666666664,-0.1111111111111111,0.0,0.0,-0.07692307692307693,0.16666666666666666,-0.18181818181818182,-0.125,,0.3333333333333333,-0.03636363636363636,-0.5,-0.5,0.020833333333333332,0.5,1.0,-0.14285714285714285,0.0,-0.05661691176470588
81,2017-04-25,,-0.2727272727272727,0.2,0.5,,-0.4,0.0,0.5,-0.14285714285714285,-0.14285714285714285,0.0,0.2,0.1875,-0.125,0.15789473684210525,0.0,0.058823529411764705,-0.1875,-0.0625,-0.45454545454545453,,0.0,-0.058823529411764705,-0.3333333333333333,0.0,-0.2,-0.3333333333333333,0.0,-0.14285714285714285,-0.2727272727272727,-0.040987785016286644
82,2017-04-26,,0.0,0.2222222222222222,0.0,,0.25,-1.0,0.3103448275862069,0.16666666666666666,-0.13333333333333333,0.09090909090909091,-0.25,0.0,-0.041624999999999995,0.1111111111111111,-0.2727272727272727,-0.1281923076923077,0.21428571428571427,0.0,-0.41023076923076923,0.0,0.0,0.011235955056179775,0.0,0.2778333333333333,-0.058823529411764705,0.0,,-0.25,0.15384615384615385,-0.03130179211469534
83,2017-04-27,0.0,0.0,-0.14285714285714285,0.4,,0.0625,-0.16666666666666666,0.11109523809523811,0.2857142857142857,-0.3333333333333333,-0.1875,0.17647058823529413,0.2222222222222222,-0.38461538461538464,-0.16666666666666666,-0.6153846153846154,0.25,0.045454545454545456,-0.04,-0.058823529411764705,,0.4,-0.011111111111111112,-0.2,0.0,-0.13636363636363635,-0.14285714285714285,-1.0,-0.14285714285714285,-0.09255555555555556,-0.018610421836228287
84,2017-04-28,,0.15789473684210525,0.6666666666666666,0.0,0.0,-0.5,-0.5,0.2857142857142857,0.4,0.2222222222222222,-0.07692307692307693,0.0,-0.2,-0.125,0.0,-0.25,-0.041666666666666664,-0.15384615384615385,0.16666666666666666,-0.58325,-1.0,1.0,-0.03773584905660377,0.0,-1.0,-0.5,0.25,,-0.42857142857142855,0.1,-0.030278778386844164
85,2017-05-01,,0.0,0.0,0.0,,0.25,0.0,0.125,-0.2857142857142857,-0.07692307692307693,0.0,-0.5,-0.2,-0.46153846153846156,0.2,-0.3333333333333333,0.15789473684210525,-0.23076923076923078,-0.4375,0.0,1.0,0.0,-0.24242424242424243,-0.2,-0.5,0.0,-0.25,,0.0,0.0,-0.1300501893939394
86,2017-05-02,,-0.14285714285714285,0.0,0.0,,0.125,-0.47614285714285715,-0.2608695652173913,0.09090909090909091,-0.2222222222222222,-0.07142857142857142,0.0,-0.0967741935483871,-0.19444444444444445,0.2,-0.1111111111111111,-0.07692307692307693,-0.42857142857142855,0.09090909090909091,-0.5,,0.3333333333333333,0.05194805194805195,-0.4,-0.2727272727272727,-0.23807142857142857,0.16666666666666666,-1.0,-0.3333333333333333,-0.11764705882352941,-0.09123713826366558
87,2017-05-03,,-0.125,-0.25,-0.2,0.0,0.125,0.0,0.0,0.0,-0.5,0.0,-0.3,0.0,0.0,-0.1111111111111111,-0.29411764705882354,-0.2,-0.14285714285714285,-0.06666666666666667,-0.3181818181818182,0.14285714285714285,-0.5,-0.08823529411764706,-0.5,,-0.05555555555555555,-1.0,,-0.16666666666666666,-0.2777777777777778,-0.1427357689039932
88,2017-05-04,,-0.13333333333333333,-0.25,0.4,,0.08333333333333333,-0.3333333333333333,-0.1111111111111111,0.166625,0.0,-0.125,-0.21428571428571427,-0.17857142857142858,-0.2727272727272727,0.0,-0.041625,-0.3076923076923077,-0.375,0.14285714285714285,-0.45454545454545453,0.0,-0.1111111111111111,-0.24615384615384617,-0.6666666666666666,-0.2222222222222222,-0.13636363636363635,0.0,,0.0,-0.08333333333333333,-0.1256099706744868
89,2017-05-05,,0.0,0.0,,,0.0,-1.0,-0.2,0.0,-0.375,0.0,0.0,-0.5454545454545454,0.0,-0.125,-0.16666666666666666,-0.18181818181818182,-0.25,-0.5,-0.5,,-0.125,0.045454545454545456,0.0,-0.5,0.0,-0.14285714285714285,-1.0,-0.3333333333333333,-0.14285714285714285,-0.12382940516273849
90,2017-05-08,,0.0,-0.2857142857142857,0.0,,-0.3076923076923077,-0.22216666666666665,-0.2,0.2727272727272727,0.23809523809523808,-0.13043478260869565,0.07692307692307693,-0.15625,0.0,-0.16666666666666666,-0.3,-0.17542105263157895,-0.14285714285714285,0.16666666666666666,-0.7272727272727273,,-0.1,-0.125,0.1,0.0,-0.09433962264150944,0.5,,0.0,-0.25,-0.11317250859106529
91,2017-05-09,,-0.2,-0.3333333333333333,0.0,,0.1,-0.6666666666666666,0.11764705882352941,0.1,-0.3333333333333333,0.0,0.125,-0.32,-0.125,-0.3333333333333333,-1.0,-0.05,-0.07692307692307693,-0.17647058823529413,-0.606,,0.14285714285714285,-0.38095238095238093,-0.4,-0.2857142857142857,0.0,0.16666666666666666,-1.0,-0.2222222222222222,0.06666666666666667,-0.11558004827031375
92,2017-05-10,,-0.08333333333333333,-0.3333333333333333,0.3333333333333333,0.0,-0.3333333333333333,-1.0,-0.25,0.7142857142857143,0.09090909090909091,0.07692307692307693,-0.35714285714285715,0.2631578947368421,0.0,0.0,-0.25,-0.06666666666666667,0.0,-0.0625,-0.45,0.5,0.16666666666666666,-0.12698412698412698,-1.0,-1.0,-0.4,0.0,,-0.375,0.0,-0.13556664127951257
93,2017-05-11,,-0.07692307692307693,0.42857142857142855,0.5,,0.23076923076923078,-0.6666666666666666,0.0,-0.4,-0.35714285714285715,-0.13333333333333333,0.21428571428571427,-0.08695652173913043,-0.6,0.25,0.0,0.05263157894736842,0.0,0.1,0.06063636363636364,,0.0,-0.23076923076923078,0.0,-0.5,-0.1875,0.2,,-0.2857142857142857,-0.026680000000000002,-0.07404755145493258
94,2017-05-12,,0.0,-0.4,,,-0.16666666666666666,-0.111,-0.15384615384615385,1.0,0.25,-0.23809523809523808,-0.3,0.0,-0.18181818181818182,-1.0,0.3333333333333333,0.0625,0.0,-0.1,-0.5714285714285714,,0.375,0.0967741935483871,-0.5714285714285714,-0.3333333333333333,-0.1875,0.5714285714285714,-1.0,-0.42857142857142855,0.0,-0.12270086206896552
95,2017-05-15,,-0.05263157894736842,-0.15789473684210525,0.0,0.0,0.2,-0.5,-0.10714285714285714,-0.1,-0.1875,-0.2222222222222222,-0.36108333333333337,-0.15384615384615385,0.06063636363636364,-0.11764705882352941,-0.16666666666666666,0.0,0.14285714285714285,0.07692307692307693,-0.21052631578947367,0.3333333333333333,-0.11764705882352941,-0.14814814814814814,0.0,-0.6666666666666666,-0.022727272727272728,0.45454545454545453,0.0,0.0,-0.10256410256410256,-0.05058965711073637
96,2017-05-16,,0.0,-0.16666666666666666,0.0,,-0.3333333333333333,-0.75,-0.17647058823529413,-0.375,-0.4166666666666667,0.375,-0.16666666666666666,-0.1875,0.2222222222222222,-0.4444444444444444,-0.2,-0.13793103448275862,-0.2222222222222222,-0.06666666666666667,-0.5555555555555556,,-0.25,-0.08695652173913043,-0.7142857142857143,-1.0,-0.038461538461538464,0.0,,-0.375,-0.26666666666666666,-0.1351573994867408
97,2017-05-17,,-0.375,-0.25,-0.2,,0.0,-0.42857142857142855,-0.2727272727272727,-0.25,-0.5833333333333334,-0.6666666666666666,-0.45454545454545453,0.033350000000000005,-0.037,-0.2,-0.5,-0.35294117647058826,-0.36363636363636365,0.1,-0.4666666666666667,,-0.3333333333333333,-0.02226666666666667,-0.14285714285714285,-0.5,0.0,-0.5,,0.2857142857142857,-0.4,-0.185544921875
98,2017-05-18,,0.0,0.0,0.0,,0.0,-0.8333333333333334,-0.22727272727272727,0.0,-0.4166666666666667,0.0,0.0,-0.05,0.14285714285714285,-0.2222222222222222,-0.36363636363636365,0.0,0.14285714285714285,0.0,-0.2,-0.6,0.375,0.045454545454545456,-0.14285714285714285,-0.5,-0.13636363636363635,-0.3333333333333333,1.0,0.0,-0.11764705882352941,-0.12154483925549915
99,2017-05-19,,0.2222222222222222,0.0,-0.3333333333333333,,-0.15384615384615385,-0.4444444444444444,-0.05555555555555555,-0.2,-0.3333333333333333,-0.07411111111111111,-0.4,-0.07692307692307693,0.0,0.0,-1.0,0.0,0.0,-0.125,-0.6666666666666666,-1.0,-0.125,0.14285714285714285,-0.3333333333333333,-0.5,0.0625,1.0,-0.333,0.0,-0.06666666666666667,-0.13518771726535342
100,2017-05-22,,-0.16666666666666666,-0.2,-0.6666666666666666,,0.2,-0.2727272727272727,-0.4666666666666667,-0.23529411764705882,-0.23076923076923078,0.0,-0.18181818181818182,0.06666666666666667,-0.25,-0.15154545454545454,-0.3333333333333333,-0.11764705882352941,0.0,-0.0625,-0.42588888888888893,-0.5,0.2857142857142857,-0.045454545454545456,-0.0666,-0.3333333333333333,-0.020833333333333332,0.2,-1.0,0.16666666666666666,0.0,-0.12781134969325153
101,2017-05-23,,-0.21428571428571427,-0.2,0.0,,-0.25,-0.6666666666666666,0.0625,0.25,-0.1875,-0.09090909090909091,-0.16666666666666666,-0.4,0.0,0.2857142857142857,0.0,0.041666666666666664,-0.09090909090909091,0.0,-0.8666666666666667,0.5,0.0,0.1,-0.1111111111111111,-0.5,-0.0625,0.2,-1.0,0.0,-0.4,-0.1615974955277281
102,2017-05-24,,0.18181818181818182,-0.2,-0.5,,0.09090909090909091,-0.47058823529411764,-0.36363636363636365,0.1,-0.125,-0.2222222222222222,-0.2857142857142857,-0.0625,0.0,-0.3333333333333333,0.0,0.14285714285714285,0.0,-0.125,-0.8,-0.3333333333333333,0.14285714285714285,-0.05,0.5,-0.619,0.0,-0.6666666666666666,,-0.2727272727272727,0.0,-0.12052840396753832
103,2017-05-25,,0.18181818181818182,0.0,0.0,,0.0,-0.5454545454545454,0.125,-0.3333333333333333,0.0,0.0,-0.07841176470588235,0.1,0.0,-0.25,-0.4,-0.2,-0.16666666666666666,-0.21428571428571427,-0.42857142857142855,-1.0,-0.4166666666666667,-0.125,0.25,-0.2857142857142857,-0.038461538461538464,-0.5,-1.0,-0.3333333333333333,0.06666666666666667,-0.11256781193490054
104,2017-05-26,0.0,0.16666666666666666,-0.16666666666666666,,,0.0,-0.5384615384615384,-0.4,0.0,0.0,-0.4,0.0,-0.3,0.5,-0.8,0.0,-0.26666666666666666,-0.1111111111111111,-0.3333333333333333,-0.8333333333333334,,-0.3333333333333333,-0.2857142857142857,-1.0,-0.3333333333333333,0.0625,0.2,-1.0,-0.16666666666666666,-0.3333333333333333,-0.1548343711083437
105,2017-05-29,0.0,0.0,0.3333333333333333,0.0,,0.0,-0.75,-0.07142857142857142,-0.5714285714285714,-0.42857142857142855,-0.6923076923076923,-0.42857142857142855,-0.21665,0.16666666666666666,0.14285714285714285,-0.5,-0.25,-0.375,-0.6666666666666666,-0.5714285714285714,1.0,-0.23076923076923078,-0.3076923076923077,-0.5,-1.0,-0.04081632653061224,1.0,,-0.14285714285714285,-0.21428571428571427,-0.13822391304347825
106,2017-05-30,-1.0,0.2,0.0,0.0,,-0.375,0.0,-0.14285714285714285,0.3333333333333333,-0.2,-0.42857142857142855,-0.4117647058823529,-0.14285714285714285,0.0,0.16666666666666666,-0.2,0.0,-0.3333333333333333,0.3,-0.5,0.0,-0.6,-0.09090909090909091,0.2857142857142857,-0.6666666666666666,-0.1111111111111111,0.5,-1.0,-0.2222222222222222,-0.3888888888888889,-0.14331443850267378
107,2017-05-31,,-0.09090909090909091,-0.16666666666666666,-0.5,,-0.3333333333333333,-0.5454545454545454,0.0,0.2,0.16666666666666666,0.0,-0.18181818181818182,-0.2,-0.625,-0.3333333333333333,-0.125,-0.18181818181818182,-0.16666666666666666,-0.125,-0.23076923076923078,,-0.083375,-0.043478260869565216,0.5,-0.26666666666666666,-0.08,-0.4,0.0,-0.3333333333333333,-0.14285714285714285,-0.13531751509922346
108,2017-06-01,,0.05555555555555555,-0.14285714285714285,0.0,-0.3333333333333333,-0.2,-0.5,0.2,-0.2,-0.25,-0.2,0.0,0.375,-0.3333333333333333,0.0,-0.3111333333333333,0.05555555555555555,0.07142857142857142,0.14285714285714285,-0.36363636363636365,-0.5,-0.3333333333333333,0.0,-0.2857142857142857,-0.125,0.0,0.0,-1.0,-0.14285714285714285,-0.13333333333333333,-0.11082428940568476
109,2017-06-02,,-0.125,0.16666666666666666,-0.5,,0.0,-0.3333333333333333,-0.3181818181818182,-0.6666666666666666,-0.25,-0.2857142857142857,0.0,-0.3,-0.75,-0.3333333333333333,-0.6666666666666666,0.0,0.23814285714285716,-0.2727272727272727,-0.5833333333333334,0.0,0.3,-0.3,-0.5,-0.5,0.07692307692307693,-0.25,,0.0,-0.3157894736842105,-0.18077688787185353
110,2017-06-05,,0.0,-0.375,-0.5,,-0.375,-0.8,-0.25,-0.09528571428571429,-0.2,0.0,-0.5384615384615384,0.0,-0.2,0.0,0.16666666666666666,0.0,0.16666666666666666,-0.07142857142857142,-0.5,0.0,-0.38461538461538464,0.15151515151515152,-0.8888888888888888,0.0,0.0,-0.5,-1.0,0.13333333333333333,0.13333333333333333,-0.17129935851746259
111,2017-06-06,,-0.2,0.0,-0.14285714285714285,-0.333,-0.4,-1.0,-0.25,0.2,-0.3125,0.0,-0.2222222222222222,-0.125,-0.6666666666666666,-0.25,-0.8571428571428571,-0.1875,0.16666666666666666,0.0,-0.6944166666666667,,-0.1111111111111111,0.0,0.0,-0.5,-0.15384615384615385,-0.25,,0.0,-0.3076923076923077,-0.1627497446373851
112,2017-06-07,,0.0,-0.6666666666666666,,,-0.2,,-0.3125,0.0,-0.16666666666666666,0.08333333333333333,-0.2857142857142857,-0.1,-0.2857142857142857,0.0,-0.4666,-0.08695652173913043,0.0,0.05555555555555555,-0.7254705882352941,,-0.4,-0.2727272727272727,-0.5,-0.4,-0.3157894736842105,-0.42857142857142855,-1.0,0.0,-0.2857142857142857,-0.18967652859960552
113,2017-06-08,,-0.09090909090909091,-0.25,,,0.0,0.0,-0.3333333333333333,-0.5,-0.40625,-0.23076923076923078,-0.4,-0.18181818181818182,-0.5,-0.3333333333333333,0.0,-0.30434782608695654,-0.07142857142857142,-0.18181818181818182,-0.7647058823529411,1.0,-0.125,-0.17647058823529413,0.0,-1.0,-0.15789473684210525,0.5,0.0,-0.14285714285714285,-0.4375,-0.1906063432835821
114,2017-06-09,,-0.2857142857142857,1.0,1.0,,-0.16666666666666666,-1.0,-0.3333333333333333,-0.14285714285714285,-0.3157894736842105,0.0,-0.2727272727272727,-0.047619047619047616,-0.3333333333333333,0.5,0.0,0.0,-0.2,0.0,-0.4,0.0,-0.6666666666666666,-0.13333333333333333,-0.2727272727272727,-0.7142857142857143,0.0,0.0,,-0.5,-0.4444444444444444,-0.21724890829694324
115,2017-06-12,,-0.5128461538461538,-0.5,,,-0.2222222222222222,,0.05263157894736842,-0.2222222222222222,0.0,0.23529411764705882,0.15384615384615385,-0.058823529411764705,-0.11764705882352941,-0.5,-0.1,-0.1,-0.0625,-0.36363636363636365,-0.36666666666666664,,-0.3333333333333333,0.045454545454545456,-0.125,-0.6,0.0,-0.75,,-0.25,-0.25,-0.16119328358208954
116,2017-06-13,,-0.2,-0.5,-1.0,,0.0,-0.75,-0.14285714285714285,-0.25,-0.25,-0.375,-0.125,-0.26666666666666666,0.0,-0.4,-0.6666666666666666,-0.13333333333333333,0.18181818181818182,-0.12118181818181818,-0.375,,0.0,-0.125,-0.42105263157894735,0.0,-0.05263157894736842,-0.5,,-0.5,-0.14285714285714285,-0.18881200787401575
117,2017-06-14,0.0,0.2,-0.16666666666666666,-0.75,0.0,-0.5,-0.5,0.1,0.14285714285714285,-0.14285714285714285,-0.14285714285714285,0.0,0.0,0.1111111111111111,-0.16666666666666666,1.0,0.058823529411764705,-0.6666666666666666,-0.07142857142857142,-0.27775,,-0.3333333333333333,0.2,-0.6666666666666666,-1.0,-0.07692307692307693,0.5,,0.2,-0.1,-0.15528981206726014
118,2017-06-15,0.0,-0.15384615384615385,-0.6666666666666666,-0.16666666666666666,,-0.25,-1.0,-0.18181818181818182,,-0.125,0.25,-0.42857142857142855,-0.16666666666666666,-0.25,0.25,-0.3333333333333333,0.058823529411764705,-0.09090909090909091,-0.16666666666666666,-0.4,-1.0,0.0,0.0,0.25,-0.3333333333333333,0.045454545454545456,-0.3333333333333333,-1.0,-0.16666666666666666,-0.21428571428571427,-0.19439071566731142
119,2017-06-16,,-0.08333333333333333,0.0,-0.5,0.0,0.0,0.0,0.0,-0.5,0.25,-0.2222222222222222,-0.16666666666666666,0.0,-0.1,-0.2857142857142857,-0.5,-0.14285714285714285,0.03333333333333333,-0.125,0.0,,-0.16666666666666666,0.25,0.0,-1.0,0.1,0.0,,-0.2,-0.16666666666666666,-0.1514022277227723
120,2017-06-19,,0.09090909090909091,0.14285714285714285,0.0,,-0.2857142857142857,-1.0,0.08333333333333333,-0.14285714285714285,0.125,0.1,-0.16666666666666666,-0.05263157894736842,0.0,-0.2727272727272727,0.0,0.06896551724137931,-0.16666666666666666,0.35714285714285715,-0.26666666666666666,0.0,0.0,-0.17647058823529413,-0.4444444444444444,0.0,-0.075,0.0,-1.0,-0.125,0.058823529411764705,-0.11835003855050116
121,2017-06-20,,0.07142857142857142,0.125,,,0.0,0.0,0.0,-0.4,-0.5555555555555556,-0.375,-0.14285714285714285,0.0,-0.3333333333333333,0.0,-0.6,-0.3181818181818182,-0.125,-0.35,-0.45454545454545453,,0.16666666666666666,-0.05555555555555555,-0.16666666666666666,-0.75,-0.3157894736842105,-1.0,-0.25,-0.25,-0.08333333333333333,-0.15597030651340996
122,2017-06-21,,-0.25,0.1111111111111111,-1.0,,0.0,-0.5,0.0,-1.0,0.2,0.0,-0.06666666666666667,-0.11764705882352941,0.25,-0.2727272727272727,0.0,-0.2,0.08333333333333333,-0.06666666666666667,-0.26666666666666666,0.0,0.0,-0.07692307692307693,0.0,-0.2,-0.05263157894736842,-0.3333333333333333,,-0.2,-0.23076923076923078,-0.13614929577464788
123,2017-06-22,0.0,0.06666666666666667,0.0,,,0.25,-0.6,0.2,-0.2857142857142857,-0.3333333333333333,-0.2,0.05555555555555555,0.2,0.0,0.25,-0.5,-0.08333333333333333,-0.25,-0.26666666666666666,-0.6363636363636364,,0.0,0.058823529411764705,-0.6666666666666666,-0.5,-0.047619047619047616,-1.0,-1.0,-0.25,-0.25,-0.0989580078125
124,2017-06-23,0.0,-0.1111111111111111,-0.25,-0.25,,-0.16666666666666666,,-0.25,0.5,0.0,-0.125,-0.14285714285714285,0.0,-0.1111111111111111,0.5,0.14285714285714285,0.0,0.09090909090909091,0.0,-0.5,0.0,-0.1111111111111111,-0.05,0.0,-0.38461538461538464,0.07142857142857142,0.0,-1.0,0.0,0.0,-0.13773471882640587
125,2017-06-26,,-0.32,-0.5,,0.0,-0.42857142857142855,-1.0,-0.07142857142857142,-0.125,0.0,-0.08333333333333333,-0.4,-0.0625,-0.18181818181818182,0.2,0.3333333333333333,0.0,-0.16666666666666666,0.0,-0.3076923076923077,,-0.2120909090909091,-0.09523809523809523,-0.25,-0.6,-0.05357142857142857,0.0,,-0.041625,-0.1111111111111111,-0.16205853658536584
126,2017-06-27,,-0.18181818181818182,0.0,0.0,,0.14285714285714285,-0.5,0.13636363636363635,0.0,-0.4,0.0625,-0.5384615384615384,0.06670000000000001,-0.2857142857142857,-0.6666666666666666,0.16675,-0.058823529411764705,-0.5,-0.09090909090909091,-0.5882352941176471,0.0,-0.14285714285714285,0.1111111111111111,,-0.6666666666666666,-0.45454545454545453,-0.2,,0.0,-0.25,-0.19079633204633203
127,2017-06-28,,-0.05555555555555555,-1.0,0.0,,-0.2,0.0,0.08333333333333333,-0.5,-0.15384615384615385,-0.07411111111111111,0.13333333333333333,-0.07142857142857142,-0.75,-1.0,-0.3333333333333333,-0.3333333333333333,-0.08333333333333333,0.125,-0.5833333333333334,0.3333333333333333,0.0,0.25,0.0,0.0,-0.06666666666666667,-0.2857142857142857,-0.6666666666666666,0.0,-0.1111111111111111,-0.160962927756654
128,2017-06-29,,0.047619047619047616,0.3333333333333333,0.5,,-0.5,,-0.21428571428571427,-0.6,-0.375,-0.14285714285714285,0.0,-0.1111111111111111,-0.15384615384615385,-0.4,-0.3333333333333333,-0.3333333333333333,-0.15384615384615385,0.2727272727272727,-0.5294117647058824,0.0,-0.1,0.05263157894736842,-0.16666666666666666,-1.0,0.0,0.0,-1.0,-0.16666666666666666,-0.18181818181818182,-0.1270944540727903
129,2017-06-30,,-0.0625,-0.25,,,0.16666666666666666,,0.26666666666666666,0.16666666666666666,0.25,-0.14285714285714285,0.0,0.0,0.0,-0.14285714285714285,-0.4,-0.1,-0.3333333333333333,0.0,-0.18522222222222223,,-0.3333333333333333,0.058823529411764705,0.4,-0.3333333333333333,-0.07142857142857142,-0.25,,0.25,-0.07142857142857142,-0.11297586568730325
130,2017-07-03,,0.07142857142857142,0.0,0.0,,-0.25,-1.0,-0.3125,0.3333333333333333,-0.2222222222222222,-0.07692307692307693,-0.3333333333333333,-0.16666666666666666,0.0,0.1111111111111111,-0.6666666666666666,-0.125,-0.4,-0.09090909090909091,-0.23076923076923078,0.3333333333333333,0.0,0.045454545454545456,-0.25,-0.375,-0.04878048780487805,0.3333333333333333,0.0,-0.16666666666666666,-0.10526315789473684,-0.13369210053859965
131,2017-07-04,,0.4,0.0,-0.3333333333333333,,0.0,0.0,-0.2,-0.125,-0.2,0.0,-0.25,-0.375,-0.25,0.0,-0.3333333333333333,-0.3,0.0,-0.3333333333333333,0.0,0.0,-0.25,0.2,0.0,0.0,-0.047619047619047616,,,-0.3333333333333333,-0.1,-0.1596774193548387
132,2017-07-05,,0.0,0.375,,,0.0,-0.6666666666666666,0.0,-0.16666666666666666,-0.6666666666666666,-1.0,-0.3,-0.3,-0.42857142857142855,-0.2,0.4,-0.21052631578947367,0.14285714285714285,0.0,-0.5,0.0,-0.2,-0.125,-0.25,-0.2,-0.058823529411764705,0.0,0.0,0.0,0.0,-0.15136170212765956
133,2017-07-06,,-0.13333333333333333,0.0,-1.0,,-0.26666666666666666,1.0,-0.2727272727272727,-0.25,0.125,-0.1111111111111111,0.14285714285714285,-0.1,0.25,-0.5,-0.5,0.2857142857142857,-0.36363636363636365,-0.1111111111111111,-0.25,0.0,0.0,-0.14285714285714285,0.0,-0.6666666666666666,-0.15384615384615385,-0.25,-0.3333333333333333,0.0,-0.3888888888888889,-0.16379310344827586
134,2017-07-07,,-0.21428571428571427,,1.0,,0.0,0.0,0.0,0.14285714285714285,-0.4,0.0,0.0,-0.25,-0.6,-0.15384615384615385,0.0,0.16666666666666666,-0.45454545454545453,-0.2222222222222222,-0.6363636363636364,,-0.1111111111111111,-0.1875,0.0,-0.5,0.1,0.3333333333333333,,0.125,-0.25,-0.1772541176470588
135,2017-07-10,,-0.2548823529411765,,-0.6,,0.0,-0.6666666666666666,-0.2,0.08333333333333333,0.0,-0.125,-0.25,0.07142857142857142,-0.07692307692307693,-0.8,-0.6363636363636364,0.06896551724137931,0.19230769230769232,-0.2727272727272727,-0.23076923076923078,0.0,-0.25,0.3333333333333333,0.0,0.0,-0.023809523809523808,-0.2857142857142857,1.0,0.2,-0.33331818181818185,-0.11052048558421851
136,2017-07-11,,-0.2631578947368421,-0.3333333333333333,-0.1111111111111111,0.0,0.0,0.3333333333333333,0.14285714285714285,0.0,-0.05555555555555555,0.18181818181818182,-0.2857142857142857,0.0,-0.375,0.0,-0.4,-0.043478260869565216,-0.07407407407407407,-0.1111111111111111,-0.46153846153846156,0.0,0.3333333333333333,0.07692307692307693,0.0,-0.75,-0.5,0.0,0.0,0.0,-0.16666666666666666,-0.08120432220039292
137,2017-07-12,,-0.06666666666666667,-0.2,,,0.0,-0.3333333333333333,0.0,0.0,-0.1875,-0.2,0.0625,-0.15,0.16666666666666666,0.0,-0.6666666666666666,-0.13636363636363635,-0.2222222222222222,0.07142857142857142,-0.38461538461538464,1.0,-0.2,-0.23529411764705882,0.3333333333333333,-0.75,-0.16666666666666666,-0.1,,,-0.2222222222222222,-0.10209371980676328
138,2017-07-13,,0.0,-0.25,0.0,,0.21428571428571427,-0.75,0.0,-0.2857142857142857,-0.3333333333333333,-0.15384615384615385,0.0,0.09523809523809523,-0.2857142857142857,-0.14285714285714285,-0.3333333333333333,-0.21428571428571427,-0.09090909090909091,-0.3,-0.22727272727272727,0.3333333333333333,-0.05558333333333334,0.18181818181818182,0.0,-0.8,0.0,0.0,0.0,-0.6,-0.29411764705882354,-0.09905660377358491
139,2017-07-14,,0.0,0.0,0.5,1.0,0.0,-1.0,0.2,0.16666666666666666,0.0,-0.14285714285714285,-0.4,0.10526315789473684,0.0,0.0,-0.6666666666666666,0.15,-0.1111111111111111,-0.375,-0.2727272727272727,,0.5,-0.04446666666666667,-0.16666666666666666,-0.7142857142857143,0.0,0.0,,-0.2,-0.125,-0.04878587699316629
140,2017-07-17,,0.08333333333333333,0.16666666666666666,-0.5,,-0.26666666666666666,,0.21796153846153846,0.1111111111111111,-0.34615384615384615,-0.08333333333333333,-0.3157894736842105,0.17857142857142858,-0.016649999999999998,0.0,-0.2,-0.09523809523809523,-0.07142857142857142,0.2,-0.7333333333333333,0.0,0.058823529411764705,-0.1111111111111111,-0.2857142857142857,-1.0,-0.023809523809523808,0.0,-0.5,-0.5,0.0,-0.0924555473916238
141,2017-07-18,,-0.07692307692307693,-0.3333333333333333,-0.5,,0.0,,-0.2,-0.25,-0.17647058823529413,-0.11764705882352941,-0.23076923076923078,0.0,-0.1333,-0.26666666666666666,-0.5,-0.2222222222222222,-0.1,-0.14285714285714285,-0.2222222222222222,0.0,-0.2222222222222222,0.0,0.3333333333333333,-0.4444444444444444,-0.15,0.38883333333333336,,0.0,-0.1111111111111111,-0.08166189111747851
142,2017-07-19,,0.058823529411764705,-0.4443333333333333,-0.5,,0.25,0.0,-0.16666666666666666,0.1,-0.3333333333333333,0.2727272727272727,0.1111111111111111,0.0,0.0,0.0,-0.2,-0.17647058823529413,-0.2,0.13333333333333333,-0.5,0.0,-0.16666666666666666,0.07692307692307693,0.0,-1.0,0.0,-0.3333333333333333,,0.0,-0.08333333333333333,-0.10128997020854022
143,2017-07-20,,-0.047619047619047616,-0.16666666666666666,0.5,,0.0,0.0,0.2222222222222222,0.14285714285714285,-0.1,0.125,-0.2,0.1,0.14285714285714285,-0.3333333333333333,0.16666666666666666,-0.18181818181818182,0.07142857142857142,-0.07692307692307693,-0.35714285714285715,0.0,-0.21428571428571427,0.08571428571428572,-0.2857142857142857,-1.0,-0.125,0.5,0.0,0.5,-0.1111111111111111,-0.054438427947598254
144,2017-07-21,,0.0,0.25,,,-0.5,-0.3333333333333333,0.07142857142857142,0.2857142857142857,-0.375,-0.06666666666666667,-0.09521428571428571,-0.037000000000000005,-0.5,0.0,-0.25,0.07692307692307693,0.0,0.0,-0.7,-1.0,-0.25,0.13043478260869565,0.16666666666666666,0.0,-0.14285714285714285,,,0.0,0.0,-0.09022083805209513
145,2017-07-24,,0.21428571428571427,0.25,0.0,,-0.3125,0.2,-0.45454545454545453,-0.16666666666666666,-0.25,-0.07692307692307693,-0.36363636363636365,-0.13636363636363635,-0.23076923076923078,-0.14285714285714285,-0.5714285714285714,-0.15,0.0,-0.3333333333333333,-0.45454545454545453,0.0,-0.125,0.0,-0.4,0.0,0.0,0.0,-1.0,-0.25,0.14285714285714285,-0.11032148499210111
146,2017-07-25,,0.058823529411764705,-1.0,-0.3333333333333333,,0.2857142857142857,,0.0,0.0,0.0,-0.4166666666666667,0.125,0.3333333333333333,0.0,0.36363636363636365,-0.2,-0.047619047619047616,-0.17647058823529413,-0.1111111111111111,-0.1,,-0.16666666666666666,-0.11538461538461539,-0.16666666666666666,0.2,-0.2222222222222222,1.0,-1.0,-0.25,-0.18181818181818182,-0.07244991055456171
147,2017-07-26,,-0.5588235294117647,-0.16666666666666666,0.0,,-0.2857142857142857,-1.0,0.21052631578947367,0.25,0.08333333333333333,0.2,-0.2727272727272727,-0.09375,-0.14285714285714285,-0.05263157894736842,0.25,-0.15,0.09805882352941177,-0.0625,-0.42857142857142855,0.0,-0.08333333333333333,-0.09523809523809523,0.0,-0.2,-0.09090909090909091,-0.4,0.0,-0.1111111111111111,-0.0625,-0.07199235474006116
148,2017-07-27,,-0.11764705882352941,-0.5,0.0,,0.2222222222222222,-0.4,-0.2631578947368421,0.1,0.1111111111111111,-0.17647058823529413,0.07692307692307693,0.0,-0.5,-0.16666666666666666,-0.1111111111111111,-0.07407407407407407,-0.09090909090909091,0.25,-0.36363636363636365,0.0,-0.1111111111111111,-0.10810810810810811,-0.16666666666666666,0.0,-0.0625,0.3,0.0,-0.16666666666666666,0.1,-0.026564814814814812
149,2017-07-28,,-0.09090909090909091,-0.6666666666666666,0.0,,0.0,,0.3333333333333333,-0.6666666666666666,-0.25,0.20515384615384613,-0.23809523809523808,0.18181818181818182,-0.3333333333333333,-0.2,0.5,-0.14285714285714285,-0.07692307692307693,-0.14285714285714285,-0.7221666666666667,,0.6666666666666666,-0.038461538461538464,-0.2857142857142857,0.0,0.0,0.0,,-0.5,-0.3333333333333333,-0.10680204081632652
150,2017-07-31,,0.0,-0.25,-1.0,,-0.1111111111111111,-0.6,-0.3111333333333333,0.0,-0.42857142857142855,0.0,0.0,-0.06896551724137931,-0.2,0.25,-0.14285714285714285,-0.09375,-0.17391304347826086,0.07142857142857142,-0.4583125,0.0,0.0,0.05128205128205128,-1.0,-0.3333333333333333,-0.08108108108108109,0.25,,-0.36363636363636365,-0.13333333333333333,-0.0918810888252149
151,2017-08-01,,-0.2777777777777778,-0.5,0.4,,-0.03571428571428571,,-0.18181818181818182,0.5,-0.2857142857142857,-0.1111111111111111,-0.1111111111111111,0.0,-0.2,0.625,0.25,-0.041666666666666664,0.25,0.09090909090909091,-0.25,,0.09090909090909091,-0.02631578947368421,0.0,-0.375,-0.125,-0.4,0.0,0.0,-0.23076923076923078,-0.04937160385626643
152,2017-08-02,0.0,-0.07692307692307693,0.14285714285714285,1.0,,-0.3,0.0,-0.18181818181818182,-0.25,-0.25,-0.14285714285714285,0.1,0.1111111111111111,-0.15384615384615385,-0.25,0.0,-0.047619047619047616,-0.2222222222222222,-0.07692307692307693,-0.18181818181818182,-0.25,0.1111111111111111,-0.10343103448275862,0.14285714285714285,-0.2,0.0,-0.4,,-0.25,-0.06451612903225806,-0.09360100586756077
153,2017-08-03,0.0,0.0,-0.2,-0.125,,-0.06666666666666667,-0.6666666666666666,-0.18181818181818182,-0.2666,-0.21428571428571427,0.4444444444444444,0.3125,-0.038461538461538464,0.2727272727272727,0.0,-0.75,-0.1111111111111111,0.0,-0.05555555555555555,-0.5555555555555556,0.0,-0.2727272727272727,-0.2112676056338028,-0.16666666666666666,-0.5384615384615384,0.0,0.6666666666666666,,-0.625,-0.18181818181818182,-0.12156689342403627
154,2017-08-04,,-0.08333333333333333,0.0,-0.5,0.0,0.25,0.0,-0.07692307692307693,0.0,-0.16666666666666666,-0.2727272727272727,0.125,-0.15384615384615385,-0.3333333333333333,0.3333333333333333,0.3333333333333333,-0.16666666666666666,0.3333333333333333,0.0,-0.4,0.0,-0.6,0.13333333333333333,0.0,-0.25,-0.08333333333333333,0.3333333333333333,,-0.3333333333333333,-0.4375,-0.092310119695321
155,2017-08-07,,0.3333333333333333,-0.125,0.0,0.0,0.07142857142857142,0.0,-0.35714285714285715,-0.3333333333333333,-0.09090909090909091,-0.3333333333333333,-0.1111111111111111,-0.038461538461538464,-0.25,-0.2857142857142857,-0.42857142857142855,0.0,-0.18181818181818182,-0.32,-0.6875,0.0,0.16666666666666666,-0.08333333333333333,-0.3333333333333333,0.0,0.0,0.0,-1.0,-0.2,-0.125,-0.12911496913580248
156,2017-08-08,,-0.09090909090909091,-0.5,0.0,,-0.13883333333333334,-0.6666666666666666,0.06666666666666667,0.0,-0.15384615384615385,-0.16666666666666666,0.0,0.0,-0.1111111111111111,0.0,-0.5,0.05,0.0,-0.1,-0.6363636363636364,,0.1111111111111111,-0.16923076923076924,-0.3333333333333333,,-0.15384615384615385,-0.2,-1.0,0.0,-0.23529411764705882,-0.11734608843537414
157,2017-08-09,,-0.25,0.0,0.0,,0.5,,-0.1875,0.2222222222222222,-0.42857142857142855,-0.16666666666666666,-0.45454545454545453,0.05263157894736842,0.25,0.5,-0.5714285714285714,-0.0625,0.2727272727272727,-0.047619047619047616,-0.3,0.0,-0.3333333333333333,-0.3684210526315789,-0.42857142857142855,-1.0,-0.13333333333333333,0.25,-1.0,0.0,0.0,-0.11409532062391681
158,2017-08-10,,-0.16666666666666666,-0.3333333333333333,-0.3333333333333333,-0.3333333333333333,-0.42857142857142855,0.3333333333333333,-0.42857142857142855,0.0,-0.25,0.0,-0.5,0.13043478260869565,0.14285714285714285,-0.2,0.0,0.05,0.14285714285714285,-0.14285714285714285,-0.303,0.0,-0.2,-0.13559322033898305,0.4,-1.0,0.2,0.25,-1.0,-0.6,-0.4166666666666667,-0.1050334693877551
159,2017-08-11,,-0.17647058823529413,0.0,-0.5,-1.0,0.0,-0.375,0.0,-0.125,-0.14285714285714285,-0.25,-0.303,-0.03125,-0.3333333333333333,-0.5,-0.8,-0.35714285714285715,-0.125,-0.18181818181818182,-0.3333333333333333,0.0,0.36363636363636365,-0.06945833333333333,0.0,-0.5,0.0,0.6666666666666666,,0.111,-0.45454545454545453,-0.11315789473684211
160,2017-08-14,,0.10526315789473684,0.08333333333333333,-0.5,,0.2857142857142857,0.0,0.15384615384615385,0.0,-0.16666666666666666,0.26666666666666666,-0.5555555555555556,-0.05555555555555555,0.0,0.0,-0.5,-0.06451612903225806,0.0,-0.3076923076923077,-0.5,0.0,0.08333333333333333,-0.2962962962962963,-0.3333333333333333,0.0,-0.2857142857142857,0.0,,-0.16666666666666666,0.1,-0.1390884892086331
161,2017-08-15,,-0.21428571428571427,0.14285714285714285,0.0,,-0.23076923076923078,,0.1111111111111111,0.25,0.14285714285714285,-0.1111111111111111,0.08333333333333333,0.1,0.0,-0.25,-1.0,-0.15789473684210525,0.1111111111111111,-0.07142857142857142,-0.5,0.0,0.14285714285714285,-0.125,-0.25,-0.6666666666666666,0.0,0.0,,-0.25,-0.06666666666666667,-0.11909481037924151
162,2017-08-16,,0.16666666666666666,0.0,0.0,0.0,-0.4,,0.14285714285714285,-0.2727272727272727,-0.22233333333333336,-0.25,-0.08333333333333333,-0.3125,0.4,-0.2,-1.0,-0.14285714285714285,-0.14285714285714285,0.16666666666666666,0.04757142857142858,0.0,0.0,-0.07692307692307693,1.0,0.0,-0.2222222222222222,0.0,,-0.3333333333333333,-0.36363636363636365,-0.08316573348264278
163,2017-08-17,1.0,0.0,-0.6666666666666666,0.0,,0.0,,-0.10253846153846154,0.4,-0.2,-0.0625,0.09090909090909091,-0.15789473684210525,-0.25,-0.625,-0.3333333333333333,0.0,-0.037111111111111116,-0.16670000000000001,-0.4444444444444444,0.25,-0.3333333333333333,0.10526315789473684,0.0,-0.6666666666666666,-0.22216666666666665,0.0,0.0,-1.0,-0.05555555555555555,-0.08855704008221993
164,2017-08-18,,-0.3,,0.0,,-0.6666666666666666,,-0.14285714285714285,-0.5,-0.3,-0.09090909090909091,-0.16666666666666666,-0.14285714285714285,0.0,-0.5,-0.3333333333333333,-0.07142857142857142,-0.42857142857142855,-0.2727272727272727,-0.75,,0.0,0.0625,-0.14285714285714285,-0.42857142857142855,0.0,0.25,,0.2,-0.5,-0.14747988904299583
165,2017-08-21,1.0,-0.1,-0.25,0.0,,0.14285714285714285,-1.0,-0.23076923076923078,-0.14285714285714285,-0.2857142857142857,-0.25,0.0,-0.1875,-0.14285714285714285,-0.25,0.0,0.043478260869565216,0.14285714285714285,-0.057956521739130434,-0.5833333333333334,0.0,-0.2,0.0,-0.45454545454545453,-0.3333333333333333,0.0,-0.3333333333333333,,-0.23076923076923078,-0.3333333333333333,-0.13513423423423424
166,2017-08-22,,0.0416875,0.0,1.0,0.0,-0.5,,0.0,0.16666666666666666,-0.1,0.14285714285714285,0.6666666666666666,0.05,0.1,0.14285714285714285,-1.0,0.15789473684210525,-0.17647058823529413,-0.125,-0.2776666666666667,0.0,-0.16666666666666666,0.0,0.0,-0.3333333333333333,-1.0,0.0,,0.0,-0.2,-0.04568176538908246
167,2017-08-23,,-0.8,-0.3333333333333333,0.0,,-0.25,-1.0,0.0,-0.14285714285714285,0.75,-0.08333333333333333,-0.375,-0.25,-0.25,-0.3333333333333333,-0.2857142857142857,-0.04,0.0,-0.08333333333333333,-0.5384615384615384,0.0,-0.2,0.07142857142857142,1.0,0.0,-0.7777777777777778,-0.3333333333333333,-1.0,-0.3,0.0,-0.1264968287526427
168,2017-08-24,,-0.07142857142857142,-0.1111111111111111,0.3333333333333333,,0.125,0.0,0.0,0.1111111111111111,-0.2,-0.14285714285714285,0.3333333333333333,-0.09523809523809523,-0.42857142857142855,-0.1,-0.2857142857142857,0.21665,0.0,-0.1111111111111111,-0.4241818181818182,-1.0,0.0,0.0,0.0,-0.3333333333333333,0.0,,,0.0,0.2777777777777778,-0.06523671947809878
169,2017-08-25,,-0.25,-0.2222222222222222,0.0,,-0.4,0.0,0.2,0.2222222222222222,-0.23076923076923078,0.0,-0.36363636363636365,-0.15,-0.2,0.25,-1.0,0.05,-0.6666666666666666,0.0,-0.4444444444444444,,0.0,0.0,-0.3333333333333333,-0.6,0.0,-1.0,0.0,-0.2,-0.25,-0.13778337236533958
170,2017-08-28,,-0.2631578947368421,-0.4,0.25,1.0,0.0,0.5,0.1111111111111111,0.46153846153846156,-0.1,-0.2,0.0,-0.11764705882352941,0.0,-0.16666666666666666,-0.3076923076923077,-0.038461538461538464,-0.1111111111111111,-0.5,-0.5,0.0,0.2,-0.045454545454545456,-0.25,-0.125,-0.25,0.0,0.0,0.125,-0.125,-0.12275020145044319
171,2017-08-29,,0.1,-0.3333333333333333,,,-0.2,-0.5,-0.06666666666666667,0.6,-0.42857142857142855,0.3333333333333333,0.0,-0.17391304347826086,-0.3,0.16666666666666666,-0.5,0.19230769230769232,0.07142857142857142,-0.09090909090909091,-0.48144444444444445,0.0,0.12823076923076923,-0.10810810810810811,0.0,-1.0,0.0,-0.6666666666666666,,0.25,-0.3888888888888889,-0.10018539325842697
172,2017-08-30,,-0.15384615384615385,-0.42857142857142855,0.0,,0.07692307692307693,-1.0,-0.14285714285714285,-0.16666666666666666,-0.14285714285714285,0.0,0.09090909090909091,-0.13333333333333333,0.0666,-0.5714285714285714,0.0,0.10526315789473684,-0.35714285714285715,0.0,-0.8,,0.0,-0.17391304347826086,0.0,-0.6666666666666666,-0.16666666666666666,0.0,-1.0,0.0,0.0,-0.062400191021967526
173,2017-08-31,,-0.4,0.0,-0.6,,-0.3333333333333333,0.0,-0.05,-0.2,-0.16666666666666666,-0.5,-0.08333333333333333,-0.14705882352941177,0.3333333333333333,0.21428571428571427,-0.375,-0.13043478260869565,-0.2222222222222222,-0.3157894736842105,-0.5555555555555556,0.0,-0.2727272727272727,-0.21052631578947367,-0.3333333333333333,-0.2,-0.4,0.25,-1.0,-0.625,0.16129032258064516,-0.13762489270386266
174,2017-09-01,,0.0,0.0,0.0,,0.0,0.0,-0.16666666666666666,0.3333333333333333,-0.25,-0.2727272727272727,-0.6666666666666666,0.2,0.0,0.16666666666666666,0.0,-0.3333333333333333,-0.14285714285714285,-0.14285714285714285,-0.8,0.0,0.07142857142857142,0.06666666666666667,-1.0,-0.375,-0.14285714285714285,1.0,,-0.4,-0.07692307692307693,-0.14054726368159204
175,2017-09-04,,0.15384615384615385,-0.25,0.0,0.0,-0.2222222222222222,0.0,-0.6666666666666666,0.3333333333333333,-0.1111111111111111,-0.14285714285714285,-0.6666666666666666,0.0,-0.42857142857142855,-0.42857142857142855,-0.8333333333333334,-0.09090909090909091,0.0,-0.2222222222222222,-0.18181818181818182,,-0.08333333333333333,0.0,0.3333333333333333,0.5,-0.16666666666666666,0.2,-0.3333333333333333,0.0555,-0.18181818181818182,-0.16740687361419068
176,2017-09-05,,-0.09090909090909091,-0.5,,,0.0,-0.5,-0.06666666666666667,-0.4,-0.5,0.058823529411764705,-0.16666666666666666,0.0,-0.2857142857142857,,0.05566666666666667,0.125,0.0,-0.09090909090909091,-0.42857142857142855,0.0,-0.23076923076923078,-0.14814814814814814,-0.5714285714285714,-0.14285714285714285,-0.1,-0.4,,-0.3333333333333333,-0.25,-0.14597880928355195
177,2017-09-06,,0.06666666666666667,-0.125,-0.3333333333333333,,-0.16666666666666666,,-0.0333,0.0,-0.4,-0.083375,-0.3333333333333333,-0.1,-0.4444444444444444,-0.3333333333333333,-0.25,0.1875,0.0,0.05263157894736842,-0.6666666666666666,0.0,-0.125,0.07142857142857142,0.0,-0.25,0.0,0.09090909090909091,-1.0,0.0,0.0,-0.14312796208530806
178,2017-09-07,,-0.3333333333333333,0.25,0.0,,-0.5555555555555556,0.0,0.0,-0.75,-0.375,-0.4,0.16666666666666666,0.0,-0.5,-0.3333333333333333,-0.2,-0.058823529411764705,-0.17647058823529413,0.15,-0.42857142857142855,0.0,0.0,-0.34782608695652173,-0.5714285714285714,-0.5,0.0,0.5,-0.3333333333333333,-0.25,-0.2727272727272727,-0.14359853345554538
179,2017-09-08,,0.0,0.3333333333333333,-0.3333333333333333,,-0.25,,0.0,0.0,0.0,-0.125,-0.25,0.0,-0.16666666666666666,0.0,-0.25,-0.1,0.07692307692307693,-0.3333333333333333,-0.5,,0.08333333333333333,-0.06451612903225806,0.0,0.0,-0.16666666666666666,0.0,,-0.14285714285714285,-0.5,-0.1645111633372503
180,2017-09-11,,-0.16,-0.3333333333333333,-1.0,0.0,-0.23076923076923078,-1.0,-0.05555555555555555,0.0,-0.11764705882352941,0.0,0.0,-0.10526315789473684,-0.42857142857142855,-0.3333333333333333,-0.3333333333333333,-0.09090909090909091,0.2,0.16666666666666666,-0.4561578947368421,0.0,-0.1,-0.08333333333333333,-0.25,-0.16666666666666666,0.0,0.0,,0.0,-0.16665384615384615,-0.14840845070422534
181,2017-09-12,0.0,-0.30434782608695654,-0.3333333333333333,0.0,,-0.16666666666666666,-0.5,0.0625,-0.4,0.11116666666666668,-0.4,-0.3333333333333333,-0.2777777777777778,-0.25,-0.2857142857142857,-0.75,0.0,0.0,-0.4117647058823529,-0.6153846153846154,,0.04,-0.05555555555555555,-0.3333333333333333,,-0.25,-0.5,-0.5,0.125,-0.05555555555555555,-0.1369421101774043
182,2017-09-13,0.0,-0.2857142857142857,-0.2,0.3333333333333333,,-0.17647058823529413,-1.0,-0.2563846153846154,-0.2,0.0,0.0,-0.07142857142857142,0.028571428571428564,-0.35714285714285715,-0.1,0.0,-0.1111111111111111,-0.2,-0.25,-0.3332857142857143,,-0.1,0.0625,-0.25,,-0.125,0.0,,0.0,0.0,-0.15644255744255745
183,2017-09-14,,-0.06666666666666667,-0.3333333333333333,-0.5,,-0.14271428571428574,,-0.14285714285714285,0.16666666666666666,0.1,0.0,0.4444444444444444,-0.07692307692307693,-0.2857142857142857,0.0,-0.125,0.0,0.0,-0.23529411764705882,-0.6363636363636364,,-0.2857142857142857,-0.3125,-0.25,-0.6666666666666666,-0.75,0.0,-1.0,0.5,-0.15384615384615385,-0.1134645328719723
184,2017-09-15,,-0.4166666666666667,0.16666666666666666,-0.5,,-0.2,,0.0,0.25,-0.5714285714285714,-0.07692307692307693,0.0,-0.2222222222222222,-0.07692307692307693,0.16666666666666666,-0.5,-0.16666666666666666,0.0,-0.125,-0.18181818181818182,0.0,-0.16666666666666666,0.05555555555555555,-0.5,-0.6,-0.2857142857142857,0.0,-1.0,0.0,-0.125,-0.1222466960352423
185,2017-09-18,,-0.058823529411764705,-0.16666666666666666,0.0,0.0,0.0,-1.0,-0.03571428571428571,-0.14285714285714285,-0.14285714285714285,-0.1111111111111111,0.0,0.0,0.16666666666666666,-0.4,-0.5,-0.18181818181818182,0.3333333333333333,-0.2857142857142857,-0.5294117647058824,0.0,0.08333333333333333,-0.2,-0.2,0.0,-0.2,0.0,-1.0,0.0,0.0,-0.14817765273311898
186,2017-09-19,,-0.23076923076923078,0.0,,,-0.1111111111111111,0.0,0.13333333333333333,0.0,-0.13333333333333333,-0.2,-0.18181818181818182,0.0,0.14285714285714285,-0.3333333333333333,-0.5,-0.11538461538461539,-0.25,-0.45454545454545453,-0.45454545454545453,-1.0,-0.46153846153846156,-0.17647058823529413,-0.3333333333333333,-0.3333333333333333,0.2,-0.5,-1.0,-0.25,-0.3333333333333333,-0.1482587064676617
187,2017-09-20,,-0.08333333333333333,-0.3333333333333333,-0.3333333333333333,0.0,0.25,,-0.2777777777777778,-0.2,-0.16666666666666666,-0.4,0.2727272727272727,-0.7,-0.2,-0.16666666666666666,-0.3333333333333333,-0.17647058823529413,-0.25,0.1,-0.4375,0.3333333333333333,-0.16666666666666666,-0.21052631578947367,0.5,-0.4,0.0,0.14285714285714285,,-0.2857142857142857,-0.3125,-0.15631262729124235
188,2017-09-21,,-0.3333333333333333,0.0,0.0,,-0.125,0.0,-0.16666666666666666,0.0,-0.2857142857142857,0.0,-0.1111111111111111,-0.3333333333333333,-0.375,-0.42857142857142855,-0.35714285714285715,0.15384615384615385,-0.125,0.0,-0.5,,-0.5,-0.21052631578947367,-0.2857142857142857,-0.4,-0.3,0.2,-0.75,0.0,-0.21052631578947367,-0.20553451492537314
189,2017-09-22,,0.05555555555555555,-0.2,0.0,,-0.5,-0.2222222222222222,-0.25,0.0,-0.3,0.3333333333333333,-0.7,-0.2857142857142857,-0.5,0.15384615384615385,0.0,-0.045454545454545456,0.0,-0.2857142857142857,-0.6666666666666666,0.0,0.0,-0.23076923076923078,0.0,-0.3333333333333333,-0.3333333333333333,-0.3333333333333333,,-0.25,-0.06666666666666667,-0.17013341493268053
190,2017-09-25,,0.21428571428571427,0.09090909090909091,0.0,0.0,-0.3333333333333333,-0.6666666666666666,0.09090909090909091,-0.2222222222222222,-0.16666666666666666,0.0,-0.375,-0.09090909090909091,-0.26666666666666666,-0.25,-0.5555,-0.027777777777777776,-0.10604545454545455,-0.25,-0.2916875,,-0.07692307692307693,0.03125,-0.16666666666666666,-0.2857142857142857,0.18181818181818182,0.0,,-0.16666666666666666,0.0,-0.1532639175257732
191,2017-09-26,,-0.166625,-0.16666666666666666,0.25,,0.0,-0.6666666666666666,0.0,-0.3333333333333333,-0.5,-0.45454545454545453,-0.2727272727272727,-0.08695652173913043,-0.16666666666666666,-0.4,-0.25,0.05263157894736842,0.0,-0.15384615384615385,-0.7,,-0.07692307692307693,0.0,-0.75,-0.75,-0.15384615384615385,0.0,,-0.16666666666666666,-0.13636363636363635,-0.15992722371967655
192,2017-09-27,,-0.07692307692307693,-0.2222222222222222,0.0,0.0,0.0,,-0.16666666666666666,0.0,0.0,-0.26666666666666666,-0.2608695652173913,0.037037037037037035,0.0,-0.2,-0.125,-0.043478260869565216,0.06666666666666667,-0.07841176470588235,-0.33335714285714285,0.0,-0.125,-0.35714285714285715,-0.5,-0.8,-0.25,,,0.125,0.06666666666666667,-0.15610211267605634
193,2017-09-28,,-0.13793103448275862,-0.14285714285714285,0.0,,-0.23076923076923078,0.0,-0.3125,-0.25,-0.2,0.09090909090909091,-0.2,-0.12,-0.4,-0.1111111111111111,-0.6,-0.041666666666666664,0.05263157894736842,-0.04,-0.34668,,-0.35714285714285715,-0.04,0.16666666666666666,0.2,-0.1111111111111111,0.0,,0.2222222222222222,-0.6153846153846154,-0.13695983263598327
194,2017-09-29,,-0.27775,-0.5,-0.5,,-0.3333333333333333,-0.5,0.0,-0.1,-0.25,-0.125,-0.21739130434782608,0.125,-0.2857142857142857,-0.125,-0.4,-0.05263157894736842,-0.07411111111111111,0.0,-0.3333076923076923,,0.14285714285714285,0.0,0.0,0.0,-0.375,-0.2,-1.0,0.1111111111111111,-0.2,-0.15919395711500975
195,2017-10-02,,-0.23529411764705882,0.0,-1.0,0.0,-0.625,0.0,-0.15384615384615385,-0.3333333333333333,-0.07692307692307693,-0.23076923076923078,-0.21212121212121213,-0.2962962962962963,-0.05555555555555555,0.1,0.0,-0.04,-0.3333333333333333,0.16666666666666666,-0.5092222222222222,0.3333333333333333,0.0,-0.5,0.0,-0.4,-0.25,-0.14285714285714285,-0.3333333333333333,-0.16666666666666666,-0.09523809523809523,-0.1930125348189415
196,2017-10-03,,-0.1,0.3333333333333333,0.0,,-0.3333333333333333,0.0,-0.13333333333333333,-0.8333333333333334,-0.1333,0.0,-0.2631578947368421,0.2,-0.6666666666666666,-0.16666666666666666,-0.19042857142857142,-0.21739130434782608,-0.2727272727272727,0.0625,-0.35714285714285715,,0.09090909090909091,-0.42857142857142855,-0.5,-0.3333333333333333,-0.16666666666666666,0.0,,0.4,-0.2222222222222222,-0.15381607929515417
197,2017-10-04,,-0.2222222222222222,0.0,-0.25,,0.08333333333333333,-0.5714285714285714,-0.07142857142857142,0.0,-0.2222222222222222,-0.375,-0.3,-0.5294117647058824,-0.16666666666666666,-0.25,1.0,-0.07142857142857142,0.0,-0.06666666666666667,-0.48886666666666667,0.0,0.07142857142857142,-0.3333333333333333,-0.2,-0.3076923076923077,-0.21428571428571427,0.0,0.0,0.0,-0.2727272727272727,-0.13802774813233723
198,2017-10-05,,-0.1,0.0,0.0,,0.16666666666666666,0.0,0.06666666666666667,-0.5,0.08333333333333333,-0.14285714285714285,-0.3333333333333333,-0.3333333333333333,-0.3333333333333333,0.0,0.0,-0.05263157894736842,0.0,-0.18181818181818182,-0.16666666666666666,,-0.1,-0.07692307692307693,-0.16666666666666666,,0.2857142857142857,0.0,,-0.2857142857142857,0.07142857142857142,-0.14029535864978904
199,2017-10-06,,-0.375,0.0,-0.5,,-0.5,,0.0,0.0,0.0,-0.2857142857142857,-0.2,0.0,-0.16666666666666666,-0.42857142857142855,0.0,0.0,0.2,-0.25,-0.42842857142857144,,-0.05263157894736842,-0.16666666666666666,-0.125,0.0,0.0,0.0,0.0,0.0,-0.08333333333333333,-0.17915374677002582
200,2017-10-09,,-0.35714285714285715,-0.6,-0.5,,-0.2,0.0,-0.2727272727272727,-0.4,0.0,-0.2,-0.38461538461538464,-0.36363636363636365,-0.2857142857142857,-0.25922222222222224,-0.3333333333333333,-0.23076923076923078,-0.25,-0.18181818181818182,-0.25,,-0.05555555555555555,-0.2857142857142857,-0.3333333333333333,-0.2727272727272727,-0.36363636363636365,0.0,-1.0,-0.2,-0.24,-0.17822262773722627
201,2017-10-10,,-0.15384615384615385,0.0,0.0,,-0.3,-0.2,-0.1481111111111111,0.0,0.0,0.0,-0.25,-0.07142857142857142,-0.09528571428571429,0.375,-0.3,0.125,0.125,0.16666666666666666,-0.7142857142857143,,0.0,0.15,-0.5,-0.3333333333333333,-0.375,0.16666666666666666,,-0.75,-0.3125,-0.150955296404276
202,2017-10-11,,-0.05555555555555555,0.0,1.0,,-0.09090909090909091,0.0,0.0,0.0,0.0,-0.16666666666666666,0.0,-0.3,-0.2,-0.25,-0.36363636363636365,-0.014478260869565216,-0.2,-0.17647058823529413,-0.4073333333333333,,-0.15,-0.08333333333333333,-0.5,-0.25,-0.4333,-0.25,,-0.25,-0.46153846153846156,-0.14727653061224488
203,2017-10-12,,-0.25,0.5,-0.25,0.0,0.1,,-0.23684210526315788,-0.42857142857142855,-0.5,-0.13333333333333333,0.0,-0.08333333333333333,0.42857142857142855,-0.2,-0.055499999999999994,-0.14285714285714285,-0.18181818181818182,-0.35294117647058826,-0.47368421052631576,0.0,-0.25,0.047619047619047616,-0.4,-0.3333333333333333,-0.2,0.0,0.3333333333333333,0.2,-0.26666666666666666,-0.12364140969162996
204,2017-10-13,,-0.08333333333333333,0.0,0.0,,0.2857142857142857,-0.5,0.47058823529411764,-0.25,-1.0,0.25,0.2727272727272727,0.09090909090909091,-0.125,0.0,-0.5333,0.0,0.0,-0.09090909090909091,-0.5833333333333334,0.0,-0.3,0.05555555555555555,-0.625,-0.42857142857142855,-0.09090909090909091,-0.3333333333333333,-1.0,-0.6666666666666666,-0.5,-0.12256874999999999
205,2017-10-16,,0.0,0.13333333333333333,-0.6666666666666666,0.0,-0.15384615384615385,0.0,0.058823529411764705,-0.47614285714285715,-0.4,-0.19046428571428572,-0.14285714285714285,0.05263157894736842,-0.3333333333333333,-0.2857142857142857,0.16666666666666666,0.1875,0.0,-0.16666666666666666,-0.43478260869565216,,0.08333333333333333,-0.22857142857142856,0.0,-0.2857142857142857,0.0,0.16666666666666666,0.0,0.0,-0.18518518518518517,-0.11107132867132867
206,2017-10-17,,-0.19441666666666668,0.3333333333333333,,,0.6,,0.0,0.0,-0.2,-0.18181818181818182,-0.09090909090909091,-0.2222222222222222,-0.3333333333333333,0.1111111111111111,0.25,-0.038461538461538464,-0.35714285714285715,-0.1,-0.3076923076923077,0.0,-0.2,-0.038461538461538464,0.0,-0.2857142857142857,0.0,0.0,0.0,0.0,-0.07142857142857142,-0.1082843691148776
207,2017-10-18,,-0.18181818181818182,0.2,-1.0,,-0.3333333333333333,-1.0,0.08333333333333333,0.0,0.0,-0.05130769230769231,-0.09090909090909091,-0.35,0.0,-0.5,-0.25,-0.14285714285714285,0.0,0.375,-0.46153846153846156,0.0,0.0,-0.10344827586206896,-0.4,0.0,-0.3333333333333333,0.0,0.0,-0.3333333333333333,-0.20833333333333334,-0.14090267175572518
208,2017-10-19,,0.0,,-1.0,,0.5,-0.5,-0.14285714285714285,-0.14285714285714285,-0.06666666666666667,-0.26666666666666666,0.0,-0.23529411764705882,-0.2,-0.6666666666666666,-0.125,-0.13636363636363635,-0.08333333333333333,-0.26666666666666666,-0.5833333333333334,0.0,-0.05555555555555555,0.03571428571428571,-0.1111111111111111,-0.2,0.0,0.0,0.0,0.0,0.17647058823529413,-0.10604558139534884
209,2017-10-20,,-0.5,0.0,0.25,,-1.0,,0.0,-0.25,-0.14285714285714285,0.16666666666666666,0.0,-0.4,0.0,0.0,0.2857142857142857,0.045454545454545456,-0.2,0.18181818181818182,-0.7142857142857143,0.0,0.09528571428571429,0.043478260869565216,-0.5,-0.5,-0.1111111111111111,-0.5,0.5,0.0,-0.1,-0.09906526806526807
210,2017-10-23,,0.0,0.249875,0.0,,0.6,,0.05263157894736842,-0.2857142857142857,-0.14285714285714285,-0.23076923076923078,0.3333333333333333,0.06666666666666667,-0.5,-0.13333333333333333,-0.5,-0.2,-0.25,-0.07692307692307693,-0.2222,,0.1111111111111111,-0.08571428571428572,0.14285714285714285,0.125,-0.08571428571428572,0.0,-0.5,0.3333333333333333,-0.3333333333333333,-0.10185799256505576
211,2017-10-24,-0.5,-0.058823529411764705,0.0,0.0,,-0.16666666666666666,0.0,-0.058823529411764705,0.0,-0.3333333333333333,-0.0333,-0.21428571428571427,0.14285714285714285,-0.25,-0.1,-0.6666666666666666,0.0,-0.16666666666666666,-0.06666666666666667,0.25,0.0,0.0,-0.01818181818181818,-0.25,-0.5,-0.3333333333333333,0.0,0.0,0.0,0.21428571428571427,-0.045097478991596635
212,2017-10-25,,0.0,0.0,0.25,,0.2727272727272727,-0.5,0.4074074074074074,0.2222222222222222,-0.13636363636363635,0.1111111111111111,0.4375,0.4166666666666667,0.0,0.2,-0.6,-0.09090909090909091,-0.09090909090909091,0.25,-0.4166666666666667,0.0,-0.1111111111111111,0.0125,0.2,-0.2500833333333333,0.0,0.0,,-0.1111111111111111,-0.14285714285714285,-0.005952639751552795
213,2017-10-26,,-0.38461538461538464,0.09090909090909091,-0.3333333333333333,,0.0,0.0,-0.10526315789473684,0.2857142857142857,-0.2,-0.041666666666666664,0.29411764705882354,-0.14285714285714285,-0.1,0.3,-0.23076923076923078,0.03571428571428571,0.0416875,-0.058823529411764705,-0.5714285714285714,0.0,0.15384615384615385,-0.04838709677419355,0.0,-0.125,-0.08333333333333333,-0.375,-0.5,-0.6,-0.1111111111111111,-0.04605632869449967
214,2017-10-27,,-0.09090909090909091,-0.25,-0.25,,-0.14285714285714285,0.0,0.3333333333333333,0.5,-0.2857142857142857,-0.3076923076923077,0.09090909090909091,0.09090909090909091,0.5,0.25,-0.36363636363636365,0.05263157894736842,0.07142857142857142,0.16666666666666666,-0.2727272727272727,,0.0,0.0,-0.25,0.0,0.16666666666666666,0.23076923076923078,0.0,0.0,0.05555555555555555,-0.005104831358249772
215,2017-10-30,,0.0625,0.1111111111111111,-0.18181818181818182,-0.5,0.2727272727272727,-0.6666666666666666,0.07142857142857142,0.38461538461538464,-0.2857142857142857,0.0625,0.5,0.06666666666666667,0.0,0.0,0.5,0.0,0.12966666666666668,-0.4,-0.3,0.0,-0.07142857142857142,-0.15384615384615385,-0.2,-0.2222222222222222,0.05,0.5,,-0.14285714285714285,0.0,-0.04320103425985779
216,2017-10-31,,-0.3333333333333333,-0.5,-0.75,,0.0,-1.0,-0.05555555555555555,0.2222222222222222,0.1111111111111111,0.1111111111111111,0.07692307692307693,0.1,0.0,0.23076923076923078,-0.3333333333333333,0.10526315789473684,-0.047642857142857147,-0.09090909090909091,-0.6666666666666666,,0.0,-0.06896551724137931,-1.0,-0.16666666666666666,-0.07142857142857142,0.0,1.0,0.5,-0.31945833333333334,-0.0569506072874494
217,2017-11-01,,-0.07692307692307693,0.1111111111111111,-0.3333333333333333,-1.0,-0.38461538461538464,0.0,0.0,0.3333333333333333,-0.5384615384615384,0.2727272727272727,-0.375,-0.2,-0.2222222222222222,0.07692307692307693,0.0,-0.058823529411764705,0.1,-0.38461538461538464,-0.1875,0.0,0.5,-0.25301204819277107,0.0,-0.1111111111111111,0.0,0.5,-1.0,0.0,-0.125,-0.12932954545454545
218,2017-11-02,,-0.17647058823529413,-0.3,-0.3333333333333333,,0.2,0.0,-0.09090909090909091,0.25,-0.18181818181818182,-0.4666666666666667,-0.2608695652173913,-0.2,-0.3333333333333333,0.0,-0.1,-0.03333333333333333,-0.16666666666666666,0.11764705882352941,-0.4895625,0.0,0.18181818181818182,-0.22093023255813954,-0.3333333333333333,0.2,-0.2,0.0,,0.0,-0.3333333333333333,-0.13330918220946916
219,2017-11-03,,0.09090909090909091,-0.25,-0.6666666666666666,,-0.16666666666666666,-0.6666666666666666,-0.08886666666666666,-0.14285714285714285,-0.3333333333333333,-0.29411764705882354,0.0,-0.16666666666666666,0.0,-0.14285714285714285,-0.4166666666666667,-0.07692307692307693,-0.5,0.0,-0.5,-0.5,0.0,0.10344827586206896,-0.25,0.3333333333333333,-0.16666666666666666,0.0,,0.0,-0.35714285714285715,-0.14959020044543428
220,2017-11-06,,-0.21052631578947367,0.25,-0.25,0.0,-0.17647058823529413,-0.3333333333333333,0.08333333333333333,0.0,-0.2727272727272727,-0.058823529411764705,-0.46153846153846156,-0.29411764705882354,-0.23076923076923078,-0.2857142857142857,-0.7142857142857143,-0.13043478260869565,-0.3076923076923077,-0.21052631578947367,-0.5714285714285714,1.0,-0.13333333333333333,-0.015625,-0.2608695652173913,0.0,-0.21212121212121213,0.25,,0.2857142857142857,-0.3888888888888889,-0.1529899933288859
221,2017-11-07,,-0.11764705882352941,0.0,,,0.0,0.0,0.25,-0.3,0.14285714285714285,-0.2,-0.07142857142857142,-0.08695652173913043,-0.2,0.16666666666666666,-0.6,-0.06666666666666667,-0.1,-0.3333333333333333,-0.3333333333333333,1.0,-0.4,-0.06741573033707865,0.0,-0.3333333333333333,0.1,0.0,-1.0,-0.1111111111111111,-0.3333333333333333,-0.153383908045977
222,2017-11-08,,0.08333333333333333,0.0,-0.3333333333333333,,-0.2857142857142857,,0.0,0.2,-0.375,0.09090909090909091,0.0,0.13043478260869565,-0.25,0.0,-0.2857142857142857,-0.10526315789473684,-0.16666666666666666,0.08333333333333333,-0.4444444444444444,-0.16666666666666666,0.0,-0.28735632183908044,-0.25,-0.6666666666666666,0.07692307692307693,0.0,-0.25,-0.16666666666666666,0.058823529411764705,-0.11102861335289801
223,2017-11-09,,-0.08333333333333333,-0.16666666666666666,0.5,,-0.5384615384615384,-0.6666666666666666,-0.15384615384615385,-0.42857142857142855,-0.05555555555555555,-0.15384615384615385,-0.125,0.09524999999999999,-0.375,0.18181818181818182,0.0,-0.17391304347826086,-0.21428571428571427,-0.3125,-0.32142857142857145,0.0,-0.25,-0.19672131147540983,-0.1111111111111111,-0.4,-0.2857142857142857,-0.14285714285714285,,-0.07142857142857142,-0.5,-0.10508701298701299
224,2017-11-10,,0.1111111111111111,-0.25,-0.5,0.0,-0.36363636363636365,,-0.13333333333333333,0.0,-0.5,-0.2,-0.3333333333333333,-0.3333333333333333,-0.16666666666666666,0.2,-0.8,-0.18181818181818182,0.16666666666666666,-0.1111111111111111,-0.38461538461538464,,0.0,-0.2,0.0,0.14285714285714285,-0.2727272727272727,0.5,,0.2,-0.05,-0.11629411764705883
225,2017-11-13,,-0.22580645161290322,0.2,-0.5,0.0,-0.2,-0.7142857142857143,0.058823529411764705,-0.5,-0.46153846153846156,-0.2,0.13043478260869565,-0.17391304347826086,-0.2,-0.5454545454545454,-1.0,-0.10526315789473684,0.0,-0.05555555555555555,-0.21428571428571427,0.5,0.0,0.0,0.1,0.3333333333333333,-0.14285714285714285,0.0,-0.2,-0.17647058823529413,-0.14814814814814814,-0.09910924891371818
226,2017-11-14,,0.16666666666666666,0.0,,-1.0,-0.3333333333333333,-0.8,0.0,-0.25,0.0,-0.15384615384615385,0.3333333333333333,0.2631578947368421,-0.5714285714285714,0.0,-0.25,0.0,-0.15384615384615385,-0.045454545454545456,-0.42857142857142855,-0.5,0.0,-0.3125,-0.5,0.0,-0.08333333333333333,0.0,-1.0,0.16666666666666666,-0.23076923076923078,-0.1009017094017094
227,2017-11-15,,0.0,-1.0,0.25,0.0,-0.42857142857142855,-0.6,-0.5555555555555556,0.08333333333333333,-0.16666666666666666,0.025615384615384613,-0.625,-0.15625,-0.39390909090909093,0.16666666666666666,-0.5,-0.07692307692307693,-0.09090909090909091,0.16666666666666666,-0.3125,0.0,0.0,-0.047619047619047616,-0.25,-0.25,0.0,-0.2,-0.75,-0.5714285714285714,-0.19047619047619047,-0.11971499176276772
228,2017-11-16,,-0.2727272727272727,0.3333333333333333,,0.0,-0.2727272727272727,-1.0,0.07142857142857142,0.0,0.0,0.0,-0.2,0.19047619047619047,-0.75,0.42857142857142855,-0.4,-0.06060606060606061,-0.1875,-0.21428571428571427,-0.35294117647058826,,-0.42857142857142855,0.0,-0.2857142857142857,0.0,-0.18181818181818182,-0.2,0.0,0.0,-0.07692307692307693,-0.11067350157728707
229,2017-11-17,,0.0,-0.16666666666666666,-0.7142857142857143,0.0,-0.2,,0.2,0.16666666666666666,0.0,0.0,-0.25,-0.45,-0.3333333333333333,0.0,-1.0,-0.2857142857142857,-0.6666666666666666,0.0,-0.16666666666666666,0.0,0.0,-0.1111111111111111,-0.3333333333333333,-0.2222222222222222,-0.6666666666666666,0.0,,0.0,-0.16666666666666666,-0.1360848623853211
230,2017-11-20,,-0.23529411764705882,0.0,-0.5,-0.2857142857142857,-0.1111111111111111,-0.6666666666666666,-0.1111111111111111,-0.14285714285714285,-0.3333333333333333,-0.08886666666666666,-0.2857142857142857,-0.2777777777777778,1.0,0.16666666666666666,0.0,0.0,-0.058823529411764705,-0.125,-0.3888888888888889,-0.5,-0.07692307692307693,-0.047619047619047616,0.0,0.0,-0.17142857142857143,0.0,0.0,0.0,-0.058823529411764705,-0.1256089299461124
231,2017-11-21,,-0.15,-0.5,-0.3333333333333333,,0.0,-0.5,0.13333333333333333,-0.5,-0.625,0.0,0.0,-0.4166666666666667,0.0,-0.2,0.12118181818181818,-0.05263157894736842,0.0,-0.06666666666666667,-0.7,-0.5,0.1111111111111111,0.041666666666666664,-0.3333333333333333,-0.4,-0.4583333333333333,0.0,0.0,-0.3333333333333333,-0.15,-0.12565649606299212
232,2017-11-22,,-0.06666666666666667,-0.6666666666666666,0.5,1.0,0.25,-0.5,0.0,-0.18181818181818182,-0.125,0.0,-0.18181818181818182,-0.26666666666666666,0.5,-0.5,0.0,-0.16666666666666666,-0.08333333333333333,-0.07692307692307693,-0.8666666666666667,0.0,0.0,-0.0625,-0.16666666666666666,-0.2,-0.2727272727272727,-0.6,,0.0,-0.21428571428571427,-0.17928474576271186
233,2017-11-23,-1.0,-0.4,-0.3333333333333333,-1.0,,-0.1111111111111111,-0.5,0.25,1.0,-0.4,0.0,0.08333333333333333,-0.15384615384615385,0.3333333333333333,0.0,,-0.07692307692307693,-0.2,0.25,-0.541625,0.0,0.3333333333333333,-0.16666666666666666,0.3333333333333333,0.3333333333333333,0.0,-0.2,,-0.2,-0.4,-0.119533527696793
234,2017-11-24,,0.0,-0.25,-0.3333333333333333,,-0.2,,0.14285714285714285,0.0,0.0,0.0,0.2,-0.05,-0.3333333333333333,-0.25,0.5,-0.2,0.0,-0.3333333333333333,-0.2778333333333333,,-0.25,0.0,0.0,-0.3333333333333333,-0.3333333333333333,0.0,,0.0,-0.07142857142857142,-0.13996408839779007
235,2017-11-27,,-0.15384615384615385,0.25,0.0,-0.2,-0.2857142857142857,-0.16666666666666666,-0.23076923076923078,0.3333333333333333,0.2857142857142857,0.0,-0.16666666666666666,0.0,0.2222222222222222,-0.2222222222222222,-0.35714285714285715,-0.10810810810810811,-0.16666666666666666,0.14285714285714285,-0.2333,0.75,-0.1,-0.03571428571428571,0.2222222222222222,-0.14285714285714285,-0.10526315789473684,-0.3333333333333333,,-0.25,0.0625,-0.05970872274143302
236,2017-11-28,,0.0,0.2857142857142857,0.0,,-0.1,-0.4,0.15384615384615385,0.3333333333333333,-0.125,0.15384615384615385,-0.16666666666666666,0.06666666666666667,0.0,0.0,-0.29411764705882354,0.0,0.0,0.0,-0.25,0.0,0.0,-0.14285714285714285,-0.6,-0.3333333333333333,-0.75,0.25,,0.0,-0.2,-0.12839351851851852
237,2017-11-29,,-0.037037037037037035,,1.0,,-0.2,-0.6666666666666666,0.21052631578947367,-0.16666666666666666,-0.1111111111111111,-0.020812499999999998,-0.15384615384615385,-0.2,-0.375,-0.2857142857142857,-0.4,-0.2727272727272727,-0.06666666666666667,0.08333333333333333,-0.5454545454545454,0.0,-0.1,-0.10526315789473684,,-0.6666666666666666,-0.2,0.2,-1.0,0.0,-0.03571428571428571,-0.11626632302405498
238,2017-11-30,,-0.27586206896551724,-0.4,0.0,0.0,-0.125,-0.4166666666666667,-0.2857142857142857,-0.5714285714285714,-0.2857142857142857,0.0,-0.1,-0.1,0.14285714285714285,0.0,-0.25,-0.25,0.0,-0.16,-0.6363636363636364,,-0.25,-0.058823529411764705,-0.3333333333333333,-0.2,-0.08333333333333333,0.0,,0.3333333333333333,-0.10344827586206896,-0.15608995983935742
239,2017-12-01,,0.0,0.6666666666666666,-1.0,,0.07142857142857142,-0.6666666666666666,-0.14285714285714285,-0.25,-0.1111111111111111,-0.09090909090909091,-0.25,-0.2222222222222222,-0.5,-0.5,-0.5,-0.1,-0.2,-0.21428571428571427,-0.6,,0.0,0.09523809523809523,-0.4,0.0,0.0,0.5,0.0,-0.1,-0.28,-0.13653881807647741
240,2017-12-04,,0.041666666666666664,0.0,-0.5,-0.5,-0.2222222222222222,0.0,-0.25,-0.3,-0.06666666666666667,-0.3,-0.125,-0.23529411764705882,-0.2222222222222222,-0.2,0.0,-0.25,-0.42105263157894735,-0.07577272727272727,-0.35714285714285715,,-0.2727272727272727,-0.2631578947368421,0.0,0.25,-0.05555555555555555,0.0,,-0.42857142857142855,-0.14285714285714285,-0.12626262626262627
241,2017-12-05,,-0.2631578947368421,-0.1111111111111111,-0.4,,-0.6666666666666666,0.0,-0.10526315789473684,-0.3333333333333333,-0.3333333333333333,-0.05555555555555555,-0.1111111111111111,-0.35714285714285715,0.0,-0.3333333333333333,-0.42857142857142855,-0.21052631578947367,-0.2,-0.16666666666666666,-0.4444666666666667,,-0.5,-0.07142857142857142,-0.3333333333333333,-0.125,-0.3333333333333333,0.0,,0.0,-0.09090909090909091,-0.1528981748318924
242,2017-12-06,,-0.35714285714285715,-1.0,0.0,0.0,-0.3333333333333333,,-0.3888888888888889,0.0,-0.75,-0.044399999999999995,-0.42857142857142855,-0.3157894736842105,0.0,-0.4,-0.6666666666666666,0.09090909090909091,-0.2,-0.21428571428571427,-0.23076923076923078,0.0,0.5,0.14285714285714285,0.0,-0.25,-0.6,0.5,0.0,0.0,-0.3888888888888889,-0.20932440476190475
243,2017-12-07,,-0.125,0.0,-0.3333333333333333,,-0.07692307692307693,0.0,-0.42857142857142855,0.25,-0.5833333333333334,-0.08333333333333333,-0.3333333333333333,-0.5384615384615384,0.0,0.07692307692307693,-0.45454545454545453,-0.23529411764705882,0.09090909090909091,-0.3333333333333333,-0.1,0.0,-0.125,0.0,-0.2,-0.4,-0.23076923076923078,-0.2727272727272727,0.5,0.0,-0.14814814814814814,-0.15063518197573655
244,2017-12-08,,-0.1111111111111111,0.16666666666666666,-0.6666666666666666,,-0.2857142857142857,,-0.125,0.0,0.0,-0.13333333333333333,-0.4444444444444444,-0.08333333333333333,-0.25,-0.25,-0.5714285714285714,-0.23076923076923078,0.18181818181818182,-0.16666666666666666,-0.6888666666666666,,-0.14285714285714285,0.0,-0.25,0.4,-0.21428571428571427,0.0,,0.0,-0.23076923076923078,-0.14210573678290214
245,2017-12-11,,-0.06382978723404255,-0.2,-0.5,,-0.3333333333333333,-0.16666666666666666,-0.1,-0.3333333333333333,-0.1,-0.3333333333333333,0.16666666666666666,-0.35294117647058826,-0.2,-0.09090909090909091,0.0,-0.09523809523809523,-0.09090909090909091,-0.2222222222222222,-0.25,,-0.4444444444444444,0.03225806451612903,0.0,0.0,-0.045454545454545456,,-0.5,-0.16666666666666666,-0.1,-0.1647719696969697
246,2017-12-12,,0.0,0.0,0.0,0.0,-0.4117647058823529,0.3333333333333333,-0.16666666666666666,-0.2,0.3333333333333333,0.0,0.0,-0.4,-0.3333333333333333,0.0,-1.0,-0.07692307692307693,-0.25,-0.3076923076923077,-0.46153846153846156,-0.5,0.25,-0.04,0.0,-0.16666666666666666,-0.09090909090909091,0.0,,-0.75,0.0,-0.14935437881873725
247,2017-12-13,,-0.21621621621621623,0.5,-1.0,0.0,0.0,-1.0,-0.09371875,-0.3333333333333333,-0.2727272727272727,-0.15384615384615385,-0.5,-0.11764705882352941,0.0,-0.25,-0.3333333333333333,-0.17647058823529413,0.125,0.125,-0.3157894736842105,0.0,0.25,-0.19047619047619047,0.0,0.0,-0.2,0.0,,-0.2727272727272727,0.14285714285714285,-0.16076363636363636
248,2017-12-14,,-0.14285714285714285,0.25,-0.25,0.0,-0.14285714285714285,-1.0,-0.07692307692307693,-0.5,-0.18181818181818182,0.0,0.09090909090909091,-0.2222222222222222,-0.4,0.06666666666666667,-0.2222222222222222,-0.22727272727272727,0.0,-0.16666666666666666,-0.42588888888888893,0.0,-0.3,-0.18181818181818182,-0.3333333333333333,-0.25,0.0,-0.5,-0.5,-0.3333333333333333,-0.13636363636363635,-0.12493264659270997
249,2017-12-15,,-0.38461538461538464,0.0,0.0,,-0.6666666666666666,,-0.4375,-0.5555555555555556,-0.6666666666666666,0.06666666666666667,0.0,-0.46153846153846156,-0.25,0.0,-0.5,-0.05555555555555555,-0.2857142857142857,-0.18181818181818182,-0.45235714285714285,,0.16666666666666666,0.10526315789473684,-0.3333333333333333,0.0,0.0,-0.3333333333333333,0.0,0.0,-0.3333333333333333,-0.16539956568946798
250,2017-12-18,0.0,0.04,0.0,-0.6,0.5,-0.25,-0.5,0.08333333333333333,-0.4,-0.15553333333333336,-0.25,-0.05555555555555555,0.3157894736842105,-0.5454545454545454,-0.08333333333333333,-0.16666666666666666,-0.03225806451612903,-0.07400000000000001,-0.2,-0.2413793103448276,0.0,-0.16666666666666666,0.09090909090909091,-0.25,-0.13333333333333333,-0.04,0.0,-1.0,0.0,-0.16129032258064516,-0.1348725782414307
251,2017-12-19,,-0.17203225806451614,-0.3333333333333333,-0.3333333333333333,0.0,0.0,,-0.2,0.0,-0.2,0.0,-0.25,-0.2222222222222222,-0.25,-0.09514285714285715,-0.16666666666666666,-0.07692307692307693,0.0,0.0625,-0.4901764705882353,,-0.16666666666666666,-0.07692307692307693,0.0,-0.25,-0.25,-0.25,-1.0,-0.125,-0.0625,-0.1358822966507177
252,2017-12-20,0.0,-0.3333333333333333,0.0,-0.6666666666666666,,0.25,0.0,-0.08333333333333333,-0.125,-0.125,-0.1111111111111111,-0.11764705882352941,-0.2,-0.6,0.3333333333333333,-0.4,0.0,-0.21428571428571427,-0.3333333333333333,-0.6153846153846154,0.0,0.0,-0.36363636363636365,0.0,-0.3333333333333333,-0.42857142857142855,0.0,,-0.6666666666666666,-0.09090909090909091,-0.16683623336745138
253,2017-12-21,,-0.24,0.2222222222222222,0.16666666666666666,,0.4,,0.1111111111111111,0.0,0.0,-0.09090909090909091,0.0,-0.17647058823529413,-0.2,-0.125,0.0,0.0625,-0.2857142857142857,-0.09090909090909091,-0.43333333333333335,,0.0,0.0,-0.4,-0.2,0.0,0.3333333333333333,,-0.5,-0.5555555555555556,-0.11386639676113361
254,2017-12-22,,-0.1111111111111111,-0.5,-0.3333333333333333,,0.0,,-0.23076923076923078,0.0,-1.0,-0.25,-0.125,-0.2,-0.3333333333333333,0.0,0.0,-0.125,0.0,-0.2222222222222222,-0.375,0.0,-0.3333333333333333,0.0,0.0,0.16666666666666666,-0.16666666666666666,0.0,,0.0,-0.19047619047619047,-0.15899360613810742
255,2017-12-25,,-0.6666666666666666,0.0,,-1.0,-1.0,,0.0,-0.3333333333333333,-0.25,0.0,,0.0,0.3333333333333333,-1.0,-0.5,0.0,-0.25,0.2727272727272727,0.0,1.0,0.0,0.175,-0.2,,0.0,-0.5,,,-0.07142857142857142,-0.11237113402061856
256,2017-12-26,,-0.4,-1.0,-0.3333333333333333,,1.0,,-0.5,,0.0,0.5,-0.2222222222222222,-0.09090909090909091,-0.5,,-0.75,-0.14285714285714285,-0.25,0.0,-1.0,,0.2,-0.05263157894736842,,-1.0,-0.16666666666666666,-0.75,,0.0,-0.2857142857142857,-0.1906005221932115
257,2017-12-27,0.0,-0.4166666666666667,0.0,-0.5,,0.5,,-0.18181818181818182,-0.5,-0.16666666666666666,0.0,-0.4,-0.2222222222222222,-0.2,-0.3333333333333333,-0.16666666666666666,0.4,0.0,-0.25,-0.25,,-0.5,0.06666666666666667,-0.3333333333333333,0.0,0.0,,,0.0,0.0,-0.161231884057971
258,2017-12-28,,-0.08333333333333333,0.0,1.0,,-0.16666666666666666,,-0.3333333333333333,0.0,0.16666666666666666,0.0,0.0,0.14285714285714285,-0.125,0.0,-0.3333333333333333,-0.13333333333333333,-0.125,-0.25,-0.8333333333333334,-0.5,-0.3333333333333333,0.0,0.0,-0.25,0.0,0.0,,0.0,0.0,-0.13357245080500896
259,2017-12-29,,-0.3125,0.0,-0.5,,-0.2857142857142857,-1.0,-0.125,1.0,-0.5,0.0,-0.4,-0.4,0.0,0.0,,-0.0625,-0.1111111111111111,-0.16666666666666666,-0.25,0.0,0.0,0.15789473684210525,0.0,0.0,-0.3,0.0,,-0.6666666666666666,0.0,-0.13550771869639794
260,2018-01-01,,-0.5,0.25,0.0,0.0,0.0,,0.0,0.0,,0.0,-1.0,-0.5,0.5,-1.0,0.0,0.0,,-1.0,0.0,0.0,,1.0,,0.5,0.0,,,,-0.4166666666666667,-0.19915254237288135
